Match Date,Team,Runs Scored,Runs Conceded,Win,win_pct_last_10,avg_runs_scored_last_10,avg_runs_conceded_last_10
2006-06-15,Sri Lanka,163.0,161.0,1,1.0,163.0,161.0
2006-06-15,England,161.0,163.0,0,0.0,161.0,163.0
2006-08-28,England,144.0,148.0,0,0.0,152.5,155.5
2006-08-28,Pakistan,148.0,144.0,1,1.0,148.0,144.0
2006-11-28,Bangladesh,166.0,123.0,1,1.0,166.0,123.0
2006-11-28,Zimbabwe,123.0,166.0,0,0.0,123.0,166.0
2006-12-01,South Africa,126.0,127.0,0,0.0,126.0,127.0
2006-12-01,India,127.0,126.0,1,1.0,127.0,126.0
2006-12-22,Sri Lanka,62.0,162.0,1,1.0,112.5,161.5
2006-12-22,New Zealand,162.0,62.0,0,0.0,162.0,62.0
2006-12-26,Sri Lanka,115.0,116.0,0,0.6666666666666666,113.33333333333333,146.33333333333334
2006-12-26,New Zealand,116.0,115.0,1,0.5,139.0,88.5
2007-01-09,Australia,221.0,144.0,1,1.0,221.0,144.0
2007-01-09,England,144.0,221.0,0,0.0,149.66666666666666,177.33333333333334
2007-02-02,Pakistan,129.0,132.0,0,0.5,138.5,138.0
2007-02-02,South Africa,132.0,129.0,1,0.5,129.0,128.0
2007-06-28,West Indies,208.0,193.0,1,1.0,208.0,193.0
2007-06-28,England,193.0,208.0,0,0.0,160.5,185.0
2007-06-29,England,173.0,169.0,1,0.2,163.0,181.8
2007-06-29,West Indies,169.0,173.0,0,0.5,188.5,183.0
2007-09-01,Kenya,138.0,139.0,0,0.0,138.0,139.0
2007-09-01,Bangladesh,139.0,138.0,1,1.0,152.5,130.5
2007-09-02,Pakistan,191.0,161.0,1,0.6666666666666666,156.0,145.66666666666666
2007-09-02,Bangladesh,161.0,191.0,0,0.6666666666666666,155.33333333333334,150.66666666666666
2007-09-04,Kenya,92.0,93.0,0,0.0,115.0,116.0
2007-09-04,Pakistan,93.0,92.0,1,0.75,140.25,132.25
2007-09-11,West Indies,205.0,208.0,0,0.3333333333333333,194.0,191.33333333333334
2007-09-11,South Africa,208.0,205.0,1,0.6666666666666666,155.33333333333334,153.66666666666666
2007-09-12,Scotland,120.0,171.0,0,0.0,120.0,171.0
2007-09-12,New Zealand,74.0,73.0,1,0.6666666666666666,117.33333333333333,83.33333333333333
2007-09-12,Kenya,73.0,74.0,0,0.0,101.0,102.0
2007-09-12,Pakistan,171.0,120.0,1,0.8,146.4,129.8
2007-09-12,Australia,138.0,139.0,0,0.5,179.5,141.5
2007-09-12,Zimbabwe,139.0,138.0,1,0.5,131.0,152.0
2007-09-13,England,188.0,138.0,1,0.3333333333333333,167.16666666666666,174.5
2007-09-13,West Indies,164.0,165.0,0,0.25,186.5,184.75
2007-09-13,Bangladesh,165.0,164.0,1,0.75,157.75,154.0
2007-09-13,Zimbabwe,138.0,188.0,0,0.3333333333333333,133.33333333333334,164.0
2007-09-14,Australia,136.0,135.0,1,0.6666666666666666,165.0,139.33333333333334
2007-09-14,England,135.0,136.0,0,0.2857142857142857,162.57142857142858,169.0
2007-09-14,Sri Lanka,260.0,88.0,1,0.75,150.0,131.75
2007-09-14,Kenya,88.0,260.0,0,0.0,97.75,141.5
2007-09-15,New Zealand,164.0,168.0,0,0.5,129.0,104.5
2007-09-15,Sri Lanka,168.0,164.0,1,0.8,153.6,138.2
2007-09-15,Bangladesh,144.0,146.0,0,0.6,155.0,152.4
2007-09-15,South Africa,146.0,144.0,1,0.75,153.0,151.25
2007-09-16,New Zealand,190.0,180.0,1,0.6,141.2,119.6
2007-09-16,India,180.0,190.0,0,0.5,153.5,158.0
2007-09-16,Bangladesh,123.0,124.0,0,0.5,149.66666666666666,147.66666666666666
2007-09-16,Australia,124.0,123.0,1,0.75,154.75,135.25
2007-09-16,South Africa,154.0,135.0,1,0.8,153.2,148.0
2007-09-16,England,135.0,154.0,0,0.25,159.125,167.125
2007-09-17,Pakistan,189.0,156.0,1,0.8333333333333334,153.5,134.16666666666666
2007-09-17,Sri Lanka,156.0,189.0,0,0.6666666666666666,154.0,146.66666666666666
2007-09-18,New Zealand,164.0,159.0,1,0.6666666666666666,145.0,126.16666666666667
2007-09-18,England,159.0,164.0,0,0.2222222222222222,159.11111111111111,166.77777777777777
2007-09-18,Pakistan,165.0,164.0,1,0.8571428571428571,155.14285714285714,138.42857142857142
2007-09-18,Bangladesh,83.0,147.0,0,0.42857142857142855,140.14285714285714,147.57142857142858
2007-09-18,Sri Lanka,147.0,83.0,1,0.7142857142857143,153.0,137.57142857142858
2007-09-18,Australia,164.0,165.0,0,0.6,156.6,141.2
2007-09-19,India,218.0,200.0,1,0.6666666666666666,175.0,172.0
2007-09-19,England,200.0,218.0,0,0.2,163.2,171.9
2007-09-19,New Zealand,153.0,158.0,0,0.5714285714285714,146.14285714285714,130.71428571428572
2007-09-19,South Africa,158.0,153.0,1,0.8333333333333334,154.0,148.83333333333334
2007-09-20,Australia,102.0,101.0,1,0.6666666666666666,147.5,134.5
2007-09-20,Sri Lanka,101.0,102.0,0,0.625,146.5,133.125
2007-09-20,Bangladesh,140.0,141.0,0,0.375,140.125,146.75
2007-09-20,Pakistan,141.0,140.0,1,0.875,153.375,138.625
2007-09-20,India,153.0,116.0,1,0.75,169.5,158.0
2007-09-20,South Africa,116.0,153.0,0,0.7142857142857143,148.57142857142858,149.42857142857142
2007-09-22,Australia,173.0,188.0,0,0.5714285714285714,151.14285714285714,142.14285714285714
2007-09-22,New Zealand,143.0,147.0,0,0.5,145.75,132.75
2007-09-22,India,188.0,173.0,1,0.8,173.2,161.0
2007-09-22,Pakistan,147.0,143.0,1,0.8888888888888888,152.66666666666666,139.11111111111111
2007-09-24,Pakistan,152.0,157.0,0,0.8,152.6,140.9
2007-09-24,India,157.0,152.0,1,0.8333333333333334,170.5,159.5
2007-10-20,India,167.0,166.0,1,0.8571428571428571,170.0,160.42857142857142
2007-10-20,Australia,166.0,167.0,0,0.5,153.0,145.25
2007-11-23,New Zealand,129.0,131.0,0,0.4444444444444444,143.88888888888889,132.55555555555554
2007-11-23,South Africa,131.0,129.0,1,0.75,146.375,146.875
2007-12-11,Australia,186.0,132.0,1,0.5555555555555556,156.66666666666666,143.77777777777777
2007-12-11,New Zealand,132.0,186.0,0,0.4,142.7,137.9
2007-12-16,South Africa,58.0,60.0,0,0.6666666666666666,136.55555555555554,137.22222222222223
2007-12-16,West Indies,60.0,58.0,1,0.4,161.2,159.4
2008-01-18,West Indies,131.0,134.0,0,0.3333333333333333,156.16666666666666,155.16666666666666
2008-01-18,South Africa,134.0,131.0,1,0.7,136.3,136.6
2008-02-01,Australia,75.0,74.0,1,0.6,148.5,136.8
2008-02-01,India,74.0,75.0,0,0.75,158.0,149.75
2008-02-05,England,184.0,152.0,1,0.3,165.5,170.8
2008-02-05,New Zealand,152.0,184.0,0,0.4,141.7,150.1
2008-02-07,England,193.0,143.0,1,0.4,170.4,170.3
2008-02-07,New Zealand,143.0,193.0,0,0.3,144.4,157.9
2008-04-20,Pakistan,203.0,101.0,1,0.8,158.1,136.6
2008-04-20,Bangladesh,101.0,203.0,0,0.3333333333333333,135.77777777777777,153.0
2008-06-13,England,127.0,123.0,1,0.5,168.7,160.5
2008-06-13,New Zealand,123.0,127.0,0,0.2,149.3,163.3
2008-06-20,Australia,97.0,102.0,0,0.5,136.1,132.6
2008-06-20,West Indies,102.0,97.0,1,0.42857142857142855,148.42857142857142,146.85714285714286
2008-08-02,Netherlands,97.0,99.0,0,0.0,97.0,99.0
2008-08-02,Canada,99.0,97.0,1,1.0,99.0,97.0
2008-08-02,Scotland,117.0,118.0,0,0.0,118.5,144.5
2008-08-02,Ireland,118.0,117.0,1,1.0,118.0,117.0
2008-08-02,Netherlands,153.0,134.0,1,0.5,125.0,116.5
2008-08-02,Kenya,134.0,153.0,0,0.0,105.0,143.8
2008-08-03,Bermuda,99.0,100.0,0,0.0,99.0,100.0
2008-08-03,Scotland,100.0,99.0,1,0.3333333333333333,112.33333333333333,129.33333333333334
2008-08-03,Canada,91.0,92.0,0,0.5,95.0,94.5
2008-08-03,Kenya,92.0,91.0,1,0.16666666666666666,102.83333333333333,135.0
2008-08-03,Ireland,43.0,41.0,1,1.0,80.5,79.0
2008-08-03,Bermuda,41.0,43.0,0,0.0,70.0,71.5
2008-08-04,Kenya,67.0,72.0,0,0.14285714285714285,97.71428571428571,126.0
2008-08-04,Scotland,107.0,106.0,1,0.5,111.0,123.5
2008-08-04,Ireland,72.0,67.0,1,1.0,77.66666666666667,75.0
2008-08-04,Netherlands,110.0,107.0,1,0.6666666666666666,120.0,113.33333333333333
2008-08-04,Kenya,106.0,107.0,0,0.125,98.75,123.625
2008-08-04,Scotland,107.0,110.0,0,0.4,110.2,120.8
2008-08-05,Bermuda,70.0,71.0,0,0.0,70.0,71.33333333333333
2008-08-05,Canada,71.0,70.0,1,0.6666666666666666,87.0,86.33333333333333
2008-10-10,Zimbabwe,106.0,107.0,0,0.25,126.5,149.75
2008-10-10,Sri Lanka,107.0,106.0,1,0.6666666666666666,142.11111111111111,130.11111111111111
2008-10-10,Pakistan,137.0,102.0,1,0.9,158.9,133.6
2008-10-10,Canada,102.0,137.0,0,0.5,90.75,99.0
2008-10-11,Pakistan,141.0,137.0,1,0.9,153.9,131.2
2008-10-11,Sri Lanka,137.0,141.0,0,0.6,141.6,131.2
2008-10-12,Zimbabwe,107.0,110.0,0,0.2,122.6,141.8
2008-10-12,Pakistan,110.0,107.0,1,0.9,155.6,132.7
2008-10-12,Sri Lanka,153.0,138.0,1,0.6,140.6,128.9
2008-10-12,Canada,138.0,153.0,0,0.4,100.2,109.8
2008-10-13,Zimbabwe,184.0,75.0,1,0.3333333333333333,132.83333333333334,130.66666666666666
2008-10-13,Canada,75.0,184.0,0,0.3333333333333333,96.0,122.16666666666667
2008-10-13,Pakistan,132.0,133.0,0,0.8,151.7,134.0
2008-10-13,Sri Lanka,133.0,132.0,1,0.6,147.7,125.9
2008-11-05,Bangladesh,109.0,118.0,0,0.3,133.1,149.5
2008-11-05,South Africa,118.0,109.0,1,0.8,135.5,134.8
2008-12-28,New Zealand,191.0,155.0,1,0.3,152.0,162.0
2008-12-28,West Indies,155.0,191.0,0,0.375,149.25,152.375
2009-01-11,Australia,182.0,130.0,1,0.6,140.5,131.7
2009-01-11,South Africa,130.0,182.0,0,0.7,135.3,140.1
2009-01-13,South Africa,157.0,161.0,0,0.6,130.2,135.7
2009-01-13,Australia,161.0,157.0,1,0.6,143.0,133.9
2009-02-10,Sri Lanka,171.0,174.0,0,0.6,153.3,131.7
2009-02-10,India,174.0,171.0,1,0.7777777777777778,159.77777777777777,152.11111111111111
2009-02-15,New Zealand,149.0,150.0,0,0.2,147.9,159.0
2009-02-15,Australia,150.0,149.0,1,0.6,145.6,136.5
2009-02-25,India,162.0,166.0,0,0.7,160.0,153.5
2009-02-25,New Zealand,166.0,162.0,1,0.2,148.1,159.3
2009-02-27,India,149.0,150.0,0,0.6,162.2,155.9
2009-02-27,New Zealand,150.0,149.0,1,0.3,147.8,158.4
2009-03-15,England,121.0,123.0,0,0.5,161.5,152.0
2009-03-15,West Indies,123.0,121.0,1,0.4444444444444444,146.33333333333334,148.88888888888889
2009-03-27,South Africa,168.0,166.0,1,0.6,132.4,137.9
2009-03-27,Australia,166.0,168.0,0,0.6,145.8,136.8
2009-03-29,Australia,139.0,156.0,0,0.5,149.5,142.3
2009-03-29,South Africa,156.0,139.0,1,0.6,132.6,138.3
2009-05-07,Australia,108.0,109.0,0,0.5,143.0,134.4
2009-05-07,Pakistan,109.0,108.0,1,0.8,143.7,129.2
2009-06-05,England,162.0,163.0,0,0.4,160.4,151.4
2009-06-05,Netherlands,163.0,162.0,1,0.75,130.75,125.5
2009-06-06,India,180.0,155.0,1,0.7,162.2,152.4
2009-06-06,Bangladesh,155.0,180.0,0,0.2,132.0,155.2
2009-06-06,Scotland,89.0,90.0,0,0.3333333333333333,106.66666666666667,115.66666666666667
2009-06-06,New Zealand,90.0,89.0,1,0.4,142.5,152.6
2009-06-06,Australia,169.0,172.0,0,0.5,143.3,134.9
2009-06-06,West Indies,172.0,169.0,1,0.5,148.9,150.9
2009-06-07,South Africa,211.0,81.0,1,0.6,137.9,131.1
2009-06-07,Scotland,81.0,211.0,0,0.2857142857142857,103.0,129.28571428571428
2009-06-07,England,185.0,137.0,1,0.4,160.1,151.3
2009-06-07,Pakistan,137.0,185.0,0,0.7,140.9,131.3
2009-06-08,Australia,159.0,160.0,0,0.4,140.6,137.7
2009-06-08,Sri Lanka,160.0,159.0,1,0.6,143.3,138.8
2009-06-08,Bangladesh,137.0,138.0,0,0.1,131.8,155.2
2009-06-08,Ireland,138.0,137.0,1,1.0,92.75,90.5
2009-06-09,Pakistan,175.0,93.0,1,0.7,144.3,126.6
2009-06-09,Netherlands,93.0,175.0,0,0.6,123.2,135.4
2009-06-09,South Africa,128.0,127.0,1,0.7,139.1,128.5
2009-06-09,New Zealand,127.0,128.0,0,0.4,142.3,152.3
2009-06-10,Ireland,112.0,113.0,0,0.8,96.6,95.0
2009-06-10,India,113.0,112.0,1,0.7,151.7,143.6
2009-06-10,Sri Lanka,192.0,177.0,1,0.6,145.7,140.1
2009-06-10,West Indies,177.0,192.0,0,0.4,145.8,150.8
2009-06-11,New Zealand,198.0,115.0,1,0.5,148.9,145.2
2009-06-11,Ireland,115.0,198.0,0,0.6666666666666666,99.66666666666667,112.16666666666667
2009-06-11,England,111.0,114.0,0,0.4,157.7,149.1
2009-06-11,South Africa,114.0,111.0,1,0.7,137.4,126.7
2009-06-12,West Indies,156.0,153.0,1,0.5,144.5,148.8
2009-06-12,Sri Lanka,150.0,131.0,1,0.7,145.1,134.3
2009-06-12,Pakistan,131.0,150.0,0,0.6,142.7,127.3
2009-06-12,India,153.0,156.0,0,0.6,151.7,147.6
2009-06-13,Pakistan,100.0,99.0,1,0.7,137.5,121.5
2009-06-13,New Zealand,99.0,100.0,0,0.5,143.6,136.8
2009-06-13,West Indies,163.0,183.0,0,0.5,140.3,146.3
2009-06-13,South Africa,183.0,163.0,1,0.8,149.9,137.0
2009-06-14,Sri Lanka,144.0,135.0,1,0.7,144.8,139.5
2009-06-14,Ireland,135.0,144.0,0,0.5714285714285714,104.71428571428571,116.71428571428571
2009-06-14,England,153.0,150.0,1,0.5,159.5,148.7
2009-06-14,India,150.0,153.0,0,0.5,147.9,145.6
2009-06-15,England,161.0,82.0,0,0.5,159.7,140.5
2009-06-15,West Indies,82.0,161.0,1,0.6,132.1,145.9
2009-06-15,Pakistan,159.0,120.0,1,0.7,133.1,123.4
2009-06-15,Ireland,120.0,159.0,0,0.5,106.625,122.0
2009-06-16,Sri Lanka,158.0,110.0,1,0.8,150.5,140.3
2009-06-16,New Zealand,110.0,158.0,0,0.5,140.3,133.3
2009-06-16,South Africa,130.0,118.0,1,0.8,149.5,135.7
2009-06-16,India,118.0,130.0,0,0.4,144.0,143.4
2009-06-18,Pakistan,149.0,142.0,1,0.7,134.3,127.4
2009-06-18,South Africa,142.0,149.0,0,0.7,151.9,139.7
2009-06-19,Sri Lanka,158.0,101.0,1,0.8,155.6,139.8
2009-06-19,West Indies,101.0,158.0,0,0.5,136.2,155.9
2009-06-21,Pakistan,139.0,138.0,1,0.7,134.1,127.5
2009-06-21,Sri Lanka,138.0,139.0,0,0.8,155.7,139.6
2009-08-02,Bangladesh,118.0,119.0,0,0.1,127.5,148.0
2009-08-02,West Indies,119.0,118.0,1,0.6,135.0,154.3
2009-08-12,Pakistan,172.0,120.0,1,0.7,140.3,128.8
2009-08-12,Sri Lanka,120.0,172.0,0,0.7,152.4,143.0
2009-09-02,New Zealand,141.0,138.0,1,0.6,142.1,134.4
2009-09-02,Sri Lanka,138.0,141.0,0,0.6,152.9,143.9
2009-09-04,New Zealand,170.0,148.0,1,0.6,140.0,133.7
2009-09-04,Sri Lanka,148.0,170.0,0,0.6,150.6,143.5
2009-11-12,Pakistan,161.0,112.0,1,0.8,143.2,126.7
2009-11-12,New Zealand,112.0,161.0,0,0.6,136.3,134.8
2009-11-13,England,202.0,127.0,1,0.6,159.9,131.4
2009-11-13,South Africa,127.0,202.0,0,0.7,151.6,141.7
2009-11-13,Pakistan,153.0,146.0,1,0.8,147.6,130.5
2009-11-13,New Zealand,146.0,153.0,0,0.5,134.3,133.9
2009-11-15,South Africa,241.0,157.0,1,0.8,160.0,141.3
2009-11-15,England,157.0,241.0,0,0.5,157.2,140.3
2009-12-09,Sri Lanka,215.0,186.0,1,0.6,156.1,146.2
2009-12-09,India,186.0,215.0,0,0.3,145.9,148.3
2009-12-12,India,211.0,206.0,1,0.4,159.6,161.4
2009-12-12,Sri Lanka,206.0,211.0,0,0.5,157.5,149.6
2010-02-01,Afghanistan,121.0,124.0,0,0.0,121.0,124.0
2010-02-01,Ireland,124.0,121.0,1,0.5555555555555556,108.55555555555556,121.88888888888889
2010-02-01,Scotland,109.0,110.0,0,0.25,103.75,126.875
2010-02-01,Kenya,110.0,109.0,1,0.2222222222222222,100.0,122.0
2010-02-03,Canada,176.0,172.0,1,0.42857142857142855,107.42857142857143,129.28571428571428
2010-02-03,Ireland,172.0,176.0,0,0.5,114.9,127.3
2010-02-03,Bangladesh,78.0,79.0,0,0.0,118.8,139.5
2010-02-03,New Zealand,79.0,78.0,1,0.5,127.2,126.8
2010-02-04,Canada,140.0,143.0,0,0.375,111.5,131.0
2010-02-04,Afghanistan,143.0,140.0,1,0.5,132.0,132.0
2010-02-04,Scotland,123.0,126.0,0,0.2222222222222222,105.88888888888889,126.77777777777777
2010-02-04,Kenya,126.0,123.0,1,0.3,102.6,122.1
2010-02-05,Australia,127.0,125.0,1,0.4,145.8,142.8
2010-02-05,Pakistan,125.0,127.0,0,0.8,146.4,124.7
2010-02-09,Canada,142.0,146.0,0,0.3333333333333333,114.88888888888889,132.66666666666666
2010-02-09,Netherlands,146.0,142.0,1,0.6666666666666666,127.0,136.5
2010-02-09,Afghanistan,139.0,126.0,1,0.6666666666666666,134.33333333333334,130.0
2010-02-09,Ireland,126.0,139.0,0,0.4,115.7,129.5
2010-02-10,Canada,138.0,141.0,0,0.3,117.2,133.5
2010-02-10,Kenya,141.0,138.0,1,0.4,102.9,122.0
2010-02-10,Afghanistan,131.0,117.0,1,0.75,133.5,126.75
2010-02-10,Scotland,117.0,131.0,0,0.2,107.0,127.2
2010-02-11,Ireland,136.0,99.0,1,0.4,125.0,135.3
2010-02-11,Scotland,99.0,136.0,0,0.2,104.9,123.7
2010-02-11,Kenya,130.0,133.0,0,0.4,106.7,126.0
2010-02-11,Netherlands,133.0,130.0,1,0.7142857142857143,127.85714285714286,135.57142857142858
2010-02-12,Netherlands,132.0,128.0,1,0.75,128.375,134.625
2010-02-12,Afghanistan,128.0,132.0,0,0.6,132.4,127.8
2010-02-13,Ireland,151.0,86.0,1,0.4,132.9,137.2
2010-02-13,Netherlands,86.0,151.0,0,0.6666666666666666,123.66666666666667,136.44444444444446
2010-02-13,Ireland,142.0,147.0,0,0.3,133.3,138.2
2010-02-13,Afghanistan,147.0,142.0,1,0.6666666666666666,134.83333333333334,130.16666666666666
2010-02-19,Pakistan,129.0,130.0,0,0.7,141.8,128.4
2010-02-19,England,130.0,129.0,1,0.5,150.9,138.9
2010-02-20,Pakistan,149.0,148.0,1,0.8,143.6,128.2
2010-02-20,England,148.0,149.0,0,0.4,153.0,141.5
2010-02-21,West Indies,141.0,179.0,0,0.5,138.9,162.5
2010-02-21,Australia,179.0,141.0,1,0.5,154.0,146.7
2010-02-23,West Indies,138.0,142.0,0,0.5,137.2,157.6
2010-02-23,Australia,142.0,138.0,1,0.5,150.0,147.5
2010-02-26,New Zealand,118.0,119.0,0,0.4,130.0,129.8
2010-02-26,Australia,119.0,118.0,1,0.5,145.8,143.6
2010-02-28,Zimbabwe,105.0,79.0,1,0.42857142857142855,128.85714285714286,123.28571428571429
2010-02-28,West Indies,79.0,105.0,0,0.4,132.8,156.0
2010-04-30,Sri Lanka,135.0,139.0,0,0.4,156.0,150.4
2010-04-30,New Zealand,139.0,135.0,1,0.5,131.2,130.5
2010-04-30,West Indies,138.0,68.0,1,0.4,129.4,145.9
2010-04-30,Ireland,68.0,138.0,0,0.3,128.9,140.7
2010-05-01,Pakistan,172.0,151.0,1,0.8,150.8,133.4
2010-05-01,Bangladesh,151.0,172.0,0,0.0,119.5,142.1
2010-05-01,Afghanistan,115.0,116.0,0,0.5714285714285714,132.0,128.14285714285714
2010-05-01,India,116.0,115.0,1,0.4,153.8,155.8
2010-05-02,Pakistan,157.0,191.0,0,0.7,150.6,140.5
2010-05-02,Australia,191.0,157.0,1,0.5,149.9,144.4
2010-05-02,India,186.0,172.0,1,0.5,156.2,156.4
2010-05-02,South Africa,172.0,186.0,0,0.7,160.4,143.3
2010-05-03,Sri Lanka,173.0,29.0,1,0.4,158.9,139.8
2010-05-03,Zimbabwe,29.0,173.0,0,0.375,116.375,129.5
2010-05-03,England,191.0,60.0,0,0.4,160.0,135.2
2010-05-03,West Indies,60.0,191.0,1,0.5,117.7,145.8
2010-05-04,Zimbabwe,84.0,36.0,0,0.3333333333333333,112.77777777777777,119.11111111111111
2010-05-04,New Zealand,36.0,84.0,1,0.5,115.0,127.4
2010-05-05,Australia,141.0,114.0,1,0.6,147.4,139.0
2010-05-05,Bangladesh,114.0,141.0,0,0.0,118.6,143.8
2010-05-05,South Africa,139.0,80.0,1,0.7,158.7,137.4
2010-05-05,Afghanistan,80.0,139.0,0,0.5,125.5,129.5
2010-05-06,South Africa,170.0,157.0,1,0.7,154.6,145.0
2010-05-06,New Zealand,157.0,170.0,0,0.5,120.8,134.4
2010-05-06,Pakistan,147.0,151.0,0,0.6,150.4,141.4
2010-05-06,England,151.0,147.0,1,0.5,158.9,133.6
2010-05-07,Sri Lanka,195.0,138.0,1,0.4,162.6,142.6
2010-05-07,West Indies,138.0,195.0,0,0.4,115.9,150.0
2010-05-07,Australia,184.0,135.0,1,0.7,151.9,136.9
2010-05-07,India,135.0,184.0,0,0.5,154.8,159.8
2010-05-08,New Zealand,133.0,132.0,1,0.6,123.1,131.8
2010-05-08,Pakistan,132.0,133.0,0,0.5,149.7,140.9
2010-05-08,England,168.0,129.0,1,0.5,157.2,132.8
2010-05-08,South Africa,129.0,168.0,0,0.6,154.7,149.1
2010-05-09,West Indies,169.0,155.0,1,0.5,116.5,147.2
2010-05-09,India,155.0,169.0,0,0.4,152.3,161.2
2010-05-09,Australia,168.0,87.0,1,0.8,157.9,134.7
2010-05-09,Sri Lanka,87.0,168.0,0,0.3,155.5,149.3
2010-05-10,Pakistan,148.0,137.0,1,0.5,147.3,142.6
2010-05-10,South Africa,137.0,148.0,0,0.5,157.0,152.8
2010-05-10,New Zealand,149.0,153.0,0,0.5,123.9,133.3
2010-05-10,England,153.0,149.0,1,0.6,161.4,136.3
2010-05-11,Australia,109.0,105.0,1,0.9,151.9,128.0
2010-05-11,West Indies,105.0,109.0,0,0.4,118.8,142.0
2010-05-11,Sri Lanka,167.0,163.0,1,0.4,158.4,151.7
2010-05-11,India,163.0,167.0,0,0.3,157.3,166.7
2010-05-13,Sri Lanka,128.0,132.0,0,0.4,159.2,147.7
2010-05-13,England,132.0,128.0,1,0.6,159.3,134.1
2010-05-14,Pakistan,191.0,197.0,0,0.4,150.3,151.1
2010-05-14,Australia,197.0,191.0,1,1.0,155.7,131.1
2010-05-16,Australia,147.0,148.0,0,0.9,157.7,133.4
2010-05-16,England,148.0,147.0,1,0.7,158.0,140.6
2010-05-19,West Indies,123.0,136.0,0,0.4,121.0,139.8
2010-05-19,South Africa,136.0,123.0,1,0.5,152.3,148.8
2010-05-20,South Africa,120.0,119.0,1,0.5,151.3,148.9
2010-05-20,West Indies,119.0,120.0,0,0.3,121.0,140.0
2010-05-22,New Zealand,120.0,92.0,1,0.5,118.9,127.7
2010-05-22,Sri Lanka,92.0,120.0,0,0.4,154.6,145.6
2010-05-23,New Zealand,81.0,82.0,0,0.5,115.8,119.8
2010-05-23,Sri Lanka,82.0,81.0,1,0.5,148.0,136.7
2010-06-12,Zimbabwe,111.0,112.0,0,0.3,112.6,118.4
2010-06-12,India,112.0,111.0,1,0.4,153.2,162.2
2010-06-13,India,144.0,140.0,1,0.5,152.6,160.9
2010-06-13,Zimbabwe,140.0,144.0,0,0.3,114.3,116.2
2010-07-05,Pakistan,167.0,144.0,1,0.4,151.7,150.9
2010-07-05,Australia,144.0,167.0,0,0.8,154.2,136.0
2010-07-06,Pakistan,162.0,151.0,1,0.5,155.4,153.3
2010-07-06,Australia,151.0,162.0,0,0.7,155.1,138.4
2010-09-05,Pakistan,126.0,129.0,0,0.5,155.1,153.2
2010-09-05,England,129.0,126.0,1,0.7,150.7,140.5
2010-09-07,England,90.0,89.0,1,0.8,144.0,125.3
2010-09-07,Pakistan,89.0,90.0,0,0.4,149.1,147.4
2010-10-08,Zimbabwe,168.0,169.0,0,0.2,117.2,119.3
2010-10-08,South Africa,169.0,168.0,1,0.6,154.0,150.8
2010-10-10,South Africa,194.0,186.0,1,0.7,160.7,149.2
2010-10-10,Zimbabwe,186.0,194.0,0,0.2,122.0,119.9
2010-10-26,Pakistan,119.0,120.0,0,0.3,143.8,144.3
2010-10-26,South Africa,120.0,119.0,1,0.7,148.6,145.4
2010-10-27,Pakistan,120.0,125.0,0,0.3,140.1,137.7
2010-10-27,South Africa,125.0,120.0,1,0.8,143.9,138.8
2010-10-31,Australia,133.0,135.0,0,0.6,156.5,140.1
2010-10-31,Sri Lanka,135.0,133.0,1,0.5,140.0,131.4
2010-12-26,Pakistan,143.0,146.0,0,0.3,139.7,137.2
2010-12-26,New Zealand,146.0,143.0,1,0.6,115.8,118.8
2010-12-28,New Zealand,185.0,146.0,1,0.6,126.4,125.6
2010-12-28,Pakistan,146.0,185.0,0,0.3,141.1,142.4
2010-12-30,Pakistan,183.0,80.0,1,0.3,144.6,136.7
2010-12-30,New Zealand,80.0,183.0,0,0.6,122.6,132.0
2011-01-09,South Africa,147.0,168.0,0,0.7,144.7,147.6
2011-01-09,India,168.0,147.0,1,0.6,157.6,162.6
2011-01-12,Australia,157.0,158.0,0,0.5,153.1,140.2
2011-01-12,England,158.0,157.0,1,0.8,146.8,128.1
2011-01-14,Australia,147.0,143.0,1,0.5,153.7,143.1
2011-01-14,England,143.0,147.0,0,0.8,146.3,127.9
2011-04-21,West Indies,150.0,143.0,1,0.4,121.9,136.4
2011-04-21,Pakistan,143.0,150.0,0,0.3,139.8,132.0
2011-06-04,West Indies,143.0,159.0,0,0.4,122.4,138.1
2011-06-04,India,159.0,143.0,1,0.7,154.9,155.4
2011-06-25,Sri Lanka,137.0,136.0,1,0.6,133.1,123.9
2011-06-25,England,136.0,137.0,0,0.8,140.8,135.6
2011-08-06,Sri Lanka,198.0,163.0,1,0.7,139.4,126.3
2011-08-06,Australia,163.0,198.0,0,0.4,151.6,149.4
2011-08-08,Sri Lanka,157.0,149.0,1,0.7,137.8,138.3
2011-08-08,Australia,149.0,157.0,0,0.3,149.7,156.4
2011-08-31,India,165.0,169.0,0,0.6,150.3,151.7
2011-08-31,England,169.0,165.0,1,0.8,142.6,137.4
2011-09-16,Pakistan,198.0,113.0,1,0.3,142.9,128.9
2011-09-16,Zimbabwe,113.0,198.0,0,0.2,122.7,129.0
2011-09-18,Zimbabwe,136.0,141.0,0,0.2,125.6,132.1
2011-09-18,Pakistan,141.0,136.0,1,0.3,140.8,127.4
2011-09-23,England,128.0,125.0,1,0.8,138.6,137.0
2011-09-23,West Indies,125.0,128.0,0,0.4,127.0,140.4
2011-09-25,West Indies,113.0,88.0,1,0.4,124.5,142.4
2011-09-25,England,88.0,113.0,0,0.7,132.1,133.4
2011-10-11,West Indies,132.0,135.0,0,0.3,131.7,136.8
2011-10-11,Bangladesh,135.0,132.0,1,0.1,123.8,142.3
2011-10-13,South Africa,146.0,147.0,0,0.6,142.3,146.6
2011-10-13,Australia,147.0,146.0,1,0.3,153.5,160.5
2011-10-15,Zimbabwe,123.0,127.0,0,0.1,119.5,137.3
2011-10-15,New Zealand,127.0,123.0,1,0.6,121.4,130.8
2011-10-16,Australia,147.0,148.0,0,0.2,148.5,156.2
2011-10-16,South Africa,148.0,147.0,1,0.7,144.2,144.5
2011-10-17,New Zealand,187.0,154.0,1,0.6,136.5,137.8
2011-10-17,Zimbabwe,154.0,187.0,0,0.0,124.4,148.1
2011-10-29,India,120.0,121.0,0,0.5,150.7,152.3
2011-10-29,England,121.0,120.0,1,0.7,131.0,132.6
2011-11-25,Sri Lanka,141.0,142.0,0,0.6,132.4,138.7
2011-11-25,Pakistan,142.0,141.0,1,0.4,142.4,128.6
2011-11-29,Bangladesh,85.0,135.0,0,0.1,118.3,141.7
2011-11-29,Pakistan,135.0,85.0,1,0.5,147.0,128.1
2012-02-01,Australia,171.0,140.0,1,0.3,150.9,155.4
2012-02-01,India,140.0,171.0,0,0.4,146.1,152.2
2012-02-03,Australia,131.0,135.0,0,0.3,149.6,152.2
2012-02-03,India,135.0,131.0,1,0.5,146.1,146.9
2012-02-11,Zimbabwe,159.0,160.0,0,0.0,137.4,146.8
2012-02-11,New Zealand,160.0,159.0,1,0.7,136.8,136.7
2012-02-14,Zimbabwe,200.0,202.0,0,0.0,149.0,163.4
2012-02-14,New Zealand,202.0,200.0,1,0.7,143.7,143.5
2012-02-17,New Zealand,148.0,147.0,1,0.8,143.6,142.9
2012-02-17,South Africa,147.0,148.0,0,0.7,145.2,144.5
2012-02-19,New Zealand,173.0,174.0,0,0.7,148.9,151.1
2012-02-19,South Africa,174.0,173.0,1,0.7,149.0,149.5
2012-02-22,South Africa,165.0,162.0,1,0.7,153.5,153.8
2012-02-22,New Zealand,162.0,165.0,0,0.7,157.0,159.4
2012-02-22,Kenya,107.0,109.0,0,0.4,110.1,129.5
2012-02-22,Ireland,109.0,107.0,1,0.4,128.3,131.6
2012-02-23,Pakistan,144.0,136.0,1,0.6,149.5,129.7
2012-02-23,England,136.0,144.0,0,0.6,129.8,132.3
2012-02-23,Ireland,132.0,131.0,1,0.5,128.0,130.3
2012-02-23,Kenya,131.0,132.0,0,0.4,114.4,116.7
2012-02-24,Ireland,107.0,105.0,1,0.6,126.7,124.9
2012-02-24,Kenya,105.0,107.0,0,0.4,111.5,112.1
2012-02-25,England,150.0,112.0,1,0.6,131.9,130.9
2012-02-25,Pakistan,112.0,150.0,0,0.6,148.7,132.2
2012-02-27,England,129.0,124.0,1,0.6,135.8,134.4
2012-02-27,Pakistan,124.0,129.0,0,0.6,146.8,130.5
2012-03-13,Scotland,178.0,164.0,1,0.3,111.0,128.3
2012-03-13,Kenya,164.0,178.0,0,0.3,118.7,120.8
2012-03-13,Netherlands,135.0,93.0,1,0.7,124.8,132.1
2012-03-13,Canada,93.0,135.0,0,0.2,116.6,137.3
2012-03-14,Netherlands,149.0,150.0,0,0.7,130.0,137.2
2012-03-14,Afghanistan,150.0,149.0,1,0.5555555555555556,128.22222222222223,131.66666666666666
2012-03-14,Kenya,71.0,72.0,0,0.3,119.1,120.8
2012-03-14,Ireland,72.0,71.0,1,0.6,121.5,119.9
2012-03-18,Scotland,142.0,159.0,0,0.2,115.2,134.3
2012-03-18,Ireland,159.0,142.0,1,0.7,120.2,116.5
2012-03-18,Afghanistan,174.0,133.0,1,0.6,132.8,131.8
2012-03-18,Canada,133.0,174.0,0,0.2,120.8,145.5
2012-03-22,Canada,106.0,109.0,0,0.1,124.3,149.4
2012-03-22,Ireland,109.0,106.0,1,0.8,118.5,113.2
2012-03-22,Scotland,166.0,169.0,0,0.1,121.1,140.6
2012-03-22,Netherlands,169.0,166.0,1,0.7,131.6,140.4
2012-03-23,Netherlands,114.0,115.0,0,0.6,132.0,141.2
2012-03-23,Canada,135.0,136.0,0,0.1,127.6,149.3
2012-03-23,Scotland,136.0,135.0,1,0.2,124.0,143.1
2012-03-23,Ireland,115.0,114.0,1,0.8,116.4,114.7
2012-03-24,Afghanistan,152.0,156.0,0,0.6,135.9,135.0
2012-03-24,Ireland,156.0,152.0,1,0.8,116.9,121.3
2012-03-27,West Indies,150.0,153.0,0,0.3,132.9,132.6
2012-03-27,Australia,153.0,150.0,1,0.4,149.8,151.0
2012-03-30,Australia,146.0,160.0,0,0.4,151.1,153.5
2012-03-30,South Africa,219.0,71.0,1,0.7,158.5,144.1
2012-03-30,West Indies,160.0,146.0,1,0.3,132.0,131.7
2012-03-30,India,71.0,219.0,0,0.5,137.7,151.9
2012-06-01,Pakistan,95.0,132.0,0,0.6,141.7,125.2
2012-06-01,Sri Lanka,132.0,95.0,1,0.7,136.9,131.4
2012-06-03,Sri Lanka,99.0,122.0,0,0.6,130.1,127.3
2012-06-03,Pakistan,122.0,99.0,1,0.6,135.6,127.1
2012-06-24,West Indies,172.0,173.0,0,0.3,138.7,138.1
2012-06-24,England,173.0,172.0,1,0.6,137.3,135.9
2012-06-30,West Indies,209.0,153.0,1,0.4,147.3,139.8
2012-06-30,New Zealand,153.0,209.0,0,0.6,157.7,166.0
2012-07-01,West Indies,177.0,116.0,1,0.5,153.1,139.4
2012-07-01,New Zealand,116.0,177.0,0,0.5,150.8,169.1
2012-07-18,Bangladesh,190.0,119.0,1,0.2,127.2,133.3
2012-07-18,Ireland,119.0,190.0,0,0.8,114.6,125.6
2012-07-20,Ireland,145.0,146.0,0,0.8,122.3,126.4
2012-07-20,Bangladesh,146.0,145.0,1,0.3,130.9,136.0
2012-07-21,Ireland,140.0,141.0,0,0.7,125.4,129.8
2012-07-21,Bangladesh,141.0,140.0,1,0.4,129.5,132.0
2012-07-24,Scotland,162.0,128.0,1,0.3,131.3,146.9
2012-07-24,Bangladesh,128.0,162.0,0,0.4,128.6,134.4
2012-07-25,Netherlands,144.0,145.0,0,0.5,130.1,139.5
2012-07-25,Bangladesh,145.0,144.0,1,0.5,131.3,136.9
2012-07-26,Bangladesh,128.0,131.0,0,0.5,136.3,142.1
2012-07-26,Netherlands,131.0,128.0,1,0.6,133.9,134.8
2012-08-07,Sri Lanka,116.0,155.0,0,0.6,128.9,129.6
2012-08-07,India,155.0,116.0,1,0.6,136.9,146.8
2012-09-05,Australia,89.0,90.0,0,0.4,144.3,146.7
2012-09-05,Pakistan,90.0,89.0,1,0.7,130.3,121.0
2012-09-08,England,118.0,119.0,0,0.6,134.8,133.1
2012-09-08,South Africa,119.0,118.0,1,0.7,151.0,137.3
2012-09-10,Australia,168.0,74.0,1,0.4,146.4,139.8
2012-09-10,Pakistan,74.0,168.0,0,0.6,117.9,126.5
2012-09-11,New Zealand,167.0,166.0,1,0.6,159.5,167.4
2012-09-11,India,166.0,167.0,0,0.5,142.3,152.4
2012-09-12,South Africa,90.0,118.0,0,0.6,148.0,137.2
2012-09-12,England,118.0,90.0,1,0.7,133.0,128.4
2012-09-18,Sri Lanka,182.0,100.0,1,0.7,137.9,127.6
2012-09-18,Zimbabwe,100.0,182.0,0,0.0,147.9,170.4
2012-09-19,Ireland,123.0,125.0,0,0.6,124.5,129.2
2012-09-19,Australia,125.0,123.0,1,0.5,142.6,132.3
2012-09-19,India,159.0,136.0,1,0.5,143.8,152.0
2012-09-19,Afghanistan,136.0,159.0,0,0.5,135.2,136.9
2012-09-20,Zimbabwe,93.0,94.0,0,0.0,143.2,165.4
2012-09-20,South Africa,94.0,93.0,1,0.6,144.9,134.5
2012-09-21,Bangladesh,132.0,191.0,0,0.5,134.4,144.0
2012-09-21,New Zealand,191.0,132.0,1,0.6,165.9,168.3
2012-09-21,England,196.0,80.0,1,0.7,135.7,119.9
2012-09-21,Afghanistan,80.0,196.0,0,0.4,129.3,143.9
2012-09-22,West Indies,191.0,100.0,0,0.4,157.2,135.1
2012-09-22,Australia,100.0,191.0,1,0.6,137.7,135.7
2012-09-22,South Africa,78.0,46.0,1,0.7,138.0,122.3
2012-09-22,Sri Lanka,46.0,78.0,0,0.6,134.3,127.3
2012-09-23,Pakistan,177.0,164.0,1,0.6,121.5,129.3
2012-09-23,New Zealand,164.0,177.0,0,0.5,163.6,170.6
2012-09-23,India,170.0,80.0,1,0.5,144.0,145.3
2012-09-23,England,80.0,170.0,0,0.6,130.9,124.4
2012-09-25,Bangladesh,175.0,178.0,0,0.5,140.5,147.7
2012-09-25,Pakistan,178.0,175.0,1,0.6,125.1,132.7
2012-09-27,West Indies,179.0,164.0,1,0.5,160.8,135.6
2012-09-27,England,164.0,179.0,0,0.6,138.5,131.0
2012-09-28,India,140.0,141.0,0,0.4,142.1,145.1
2012-09-28,Australia,141.0,140.0,1,0.6,137.1,135.1
2012-09-28,South Africa,133.0,136.0,0,0.7,136.7,121.2
2012-09-28,Pakistan,136.0,133.0,1,0.6,125.2,137.5
2012-09-29,Sri Lanka,130.0,129.0,1,0.6,133.8,126.9
2012-09-29,West Indies,129.0,130.0,0,0.5,161.2,135.8
2012-09-29,New Zealand,148.0,149.0,0,0.4,162.4,169.6
2012-09-29,England,149.0,148.0,1,0.6,141.3,133.8
2012-09-30,South Africa,146.0,147.0,0,0.6,136.5,121.2
2012-09-30,Australia,147.0,146.0,1,0.7,137.1,134.9
2012-09-30,Pakistan,128.0,129.0,0,0.5,123.6,136.8
2012-09-30,India,129.0,128.0,1,0.5,138.5,141.0
2012-10-01,Sri Lanka,169.0,150.0,1,0.6,137.0,128.3
2012-10-01,England,150.0,169.0,0,0.6,142.7,136.3
2012-10-02,Pakistan,149.0,117.0,1,0.6,127.3,133.5
2012-10-02,Australia,117.0,149.0,0,0.6,131.7,135.8
2012-10-02,India,152.0,151.0,1,0.6,141.7,144.0
2012-10-02,South Africa,151.0,152.0,0,0.6,136.9,121.6
2012-10-04,Sri Lanka,139.0,123.0,1,0.6,131.1,124.3
2012-10-04,Pakistan,123.0,139.0,0,0.6,127.2,134.5
2012-10-05,Australia,131.0,205.0,0,0.6,131.7,142.8
2012-10-05,West Indies,205.0,131.0,1,0.5,170.4,140.1
2012-10-07,Sri Lanka,101.0,137.0,0,0.5,125.5,123.1
2012-10-07,West Indies,137.0,101.0,1,0.6,170.9,136.7
2012-12-10,West Indies,197.0,179.0,1,0.7,175.6,139.3
2012-12-10,Bangladesh,179.0,197.0,0,0.4,144.9,154.2
2012-12-20,England,157.0,158.0,0,0.5,143.4,140.9
2012-12-20,India,158.0,157.0,1,0.7,143.5,142.6
2012-12-21,New Zealand,86.0,87.0,0,0.3,150.8,158.3
2012-12-21,South Africa,87.0,86.0,1,0.6,128.2,112.9
2012-12-22,India,177.0,181.0,0,0.6,147.7,147.6
2012-12-22,England,181.0,177.0,1,0.5,148.6,146.2
2012-12-23,South Africa,165.0,169.0,0,0.5,128.2,113.6
2012-12-23,New Zealand,169.0,165.0,1,0.3,152.9,160.1
2012-12-25,India,133.0,134.0,0,0.6,153.9,139.1
2012-12-25,Pakistan,134.0,133.0,1,0.7,131.1,134.6
2012-12-26,South Africa,179.0,146.0,1,0.5,124.2,121.1
2012-12-26,New Zealand,146.0,179.0,0,0.3,150.2,160.6
2012-12-28,India,192.0,181.0,1,0.6,157.6,145.6
2012-12-28,Pakistan,181.0,192.0,0,0.6,137.0,143.9
2013-01-26,Sri Lanka,139.0,137.0,1,0.6,125.3,122.6
2013-01-26,Australia,137.0,139.0,0,0.5,130.1,141.7
2013-01-28,Sri Lanka,161.0,119.0,1,0.6,128.2,125.0
2013-01-28,Australia,119.0,161.0,0,0.5,127.4,141.8
2013-02-09,England,214.0,174.0,1,0.5,152.7,146.4
2013-02-09,New Zealand,174.0,214.0,0,0.3,151.4,165.5
2013-02-12,New Zealand,192.0,137.0,1,0.4,155.3,158.3
2013-02-12,England,137.0,192.0,0,0.5,154.6,153.7
2013-02-13,West Indies,191.0,164.0,1,0.7,178.7,141.1
2013-02-13,Australia,164.0,191.0,0,0.5,134.9,151.9
2013-02-15,New Zealand,139.0,143.0,0,0.4,157.6,154.9
2013-02-15,England,143.0,139.0,1,0.5,157.1,158.6
2013-03-02,Zimbabwe,130.0,131.0,0,0.0,139.4,161.6
2013-03-02,West Indies,131.0,130.0,1,0.8,174.6,136.8
2013-03-03,Scotland,105.0,132.0,0,0.3,133.7,139.0
2013-03-03,Afghanistan,132.0,105.0,1,0.4,129.4,142.7
2013-03-03,West Indies,158.0,117.0,1,0.8,169.5,133.2
2013-03-03,Pakistan,195.0,100.0,1,0.6,147.5,145.0
2013-03-03,South Africa,100.0,195.0,0,0.4,122.3,128.8
2013-03-03,Zimbabwe,117.0,158.0,0,0.0,132.5,158.0
2013-03-04,Afghanistan,140.0,139.0,1,0.5,130.6,143.4
2013-03-04,Scotland,139.0,140.0,0,0.3,136.7,142.0
2013-03-15,Kenya,126.0,128.0,0,0.3,121.1,122.9
2013-03-15,Canada,128.0,126.0,1,0.2,126.6,146.6
2013-03-16,Kenya,139.0,118.0,1,0.3,124.0,123.8
2013-03-16,Canada,118.0,139.0,0,0.2,130.9,142.1
2013-03-31,Sri Lanka,198.0,181.0,1,0.7,138.1,130.9
2013-03-31,Bangladesh,181.0,198.0,0,0.4,154.5,160.5
2013-04-19,Netherlands,172.0,176.0,0,0.5,136.5,138.2
2013-04-19,Kenya,176.0,172.0,1,0.3,129.0,128.7
2013-04-20,Kenya,114.0,113.0,1,0.3,126.3,126.2
2013-04-20,Netherlands,113.0,114.0,0,0.4,134.5,136.6
2013-05-11,Zimbabwe,168.0,162.0,1,0.1,138.0,154.4
2013-05-11,Bangladesh,162.0,168.0,0,0.3,151.7,165.4
2013-05-12,Bangladesh,168.0,134.0,1,0.3,153.9,164.3
2013-05-12,Zimbabwe,134.0,168.0,0,0.1,137.8,157.1
2013-06-25,New Zealand,201.0,196.0,1,0.4,161.0,157.9
2013-06-25,England,196.0,201.0,0,0.4,157.1,170.7
2013-07-04,Scotland,113.0,78.0,1,0.4,135.7,137.2
2013-07-04,Kenya,78.0,113.0,0,0.3,121.1,124.2
2013-07-05,Scotland,106.0,100.0,1,0.5,134.6,134.1
2013-07-05,Kenya,100.0,106.0,0,0.3,120.4,123.9
2013-07-27,West Indies,152.0,158.0,0,0.7,167.0,137.4
2013-07-27,Pakistan,158.0,152.0,1,0.7,155.9,143.4
2013-07-28,Pakistan,135.0,124.0,1,0.7,151.7,139.4
2013-07-28,West Indies,124.0,135.0,0,0.7,160.3,140.9
2013-08-02,South Africa,115.0,103.0,1,0.5,124.8,127.3
2013-08-02,Sri Lanka,103.0,115.0,0,0.7,136.8,126.9
2013-08-04,South Africa,145.0,123.0,1,0.5,129.9,130.3
2013-08-04,Sri Lanka,123.0,145.0,0,0.6,130.9,131.4
2013-08-06,South Africa,163.0,164.0,0,0.4,138.4,142.1
2013-08-06,Sri Lanka,164.0,163.0,1,0.7,142.7,139.9
2013-08-23,Pakistan,161.0,136.0,1,0.7,150.0,135.5
2013-08-23,Zimbabwe,136.0,161.0,0,0.1,139.1,160.5
2013-08-24,Pakistan,179.0,160.0,1,0.7,154.3,138.2
2013-08-24,Zimbabwe,160.0,179.0,0,0.1,139.7,159.7
2013-08-29,Australia,248.0,209.0,1,0.5,142.9,165.4
2013-08-29,England,209.0,248.0,0,0.4,170.0,178.5
2013-08-31,England,195.0,168.0,1,0.5,173.1,177.4
2013-08-31,Australia,168.0,195.0,0,0.4,147.2,172.6
2013-09-30,Kenya,56.0,162.0,0,0.3,112.9,126.9
2013-09-30,Afghanistan,162.0,56.0,1,0.5,132.1,134.8
2013-10-10,Australia,201.0,202.0,0,0.3,157.3,173.7
2013-10-10,India,202.0,201.0,1,0.7,161.2,149.0
2013-10-11,Kenya,149.0,115.0,1,0.4,117.3,127.7
2013-10-11,Afghanistan,115.0,149.0,0,0.5,132.1,138.1
2013-11-06,New Zealand,204.0,189.0,1,0.4,162.3,163.6
2013-11-06,Bangladesh,189.0,204.0,0,0.2,158.7,170.7
2013-11-13,South Africa,99.0,98.0,1,0.5,135.0,138.3
2013-11-13,Pakistan,98.0,99.0,0,0.7,151.3,135.2
2013-11-15,Afghanistan,90.0,92.0,0,0.5,133.1,133.4
2013-11-15,Netherlands,92.0,90.0,1,0.4,130.5,132.8
2013-11-15,South Africa,150.0,144.0,1,0.6,135.4,138.0
2013-11-15,Pakistan,144.0,150.0,0,0.6,150.8,138.5
2013-11-16,Ireland,168.0,166.0,1,0.6,130.6,135.3
2013-11-16,Afghanistan,171.0,154.0,1,0.5,135.2,133.9
2013-11-16,Scotland,154.0,171.0,0,0.5,140.1,137.6
2013-11-16,Canada,166.0,168.0,0,0.1,129.9,141.7
2013-11-19,Scotland,91.0,183.0,0,0.4,131.4,139.5
2013-11-19,Kenya,183.0,91.0,1,0.5,119.2,119.0
2013-11-20,South Africa,153.0,60.0,1,0.7,135.6,128.8
2013-11-20,Pakistan,60.0,153.0,0,0.6,144.5,139.9
2013-11-21,New Zealand,142.0,143.0,0,0.4,160.1,160.2
2013-11-21,Sri Lanka,143.0,142.0,1,0.7,144.0,141.2
2013-11-22,South Africa,170.0,176.0,0,0.6,143.9,137.8
2013-11-22,Scotland,165.0,150.0,1,0.5,133.7,138.6
2013-11-22,Netherlands,150.0,165.0,0,0.4,136.9,134.2
2013-11-22,Pakistan,176.0,170.0,1,0.6,148.7,143.6
2013-11-23,Kenya,101.0,130.0,0,0.5,122.2,124.8
2013-11-23,Netherlands,130.0,101.0,1,0.4,136.4,135.0
2013-11-24,Afghanistan,148.0,114.0,1,0.5,132.6,132.0
2013-11-24,Kenya,114.0,148.0,0,0.5,121.0,126.8
2013-11-26,Kenya,146.0,125.0,1,0.5,121.7,127.5
2013-11-26,Canada,125.0,146.0,0,0.1,128.4,142.0
2013-11-28,Scotland,147.0,149.0,0,0.5,131.8,136.6
2013-11-28,Netherlands,149.0,147.0,1,0.5,136.4,134.7
2013-11-30,Ireland,225.0,157.0,1,0.6,145.9,143.9
2013-11-30,Afghanistan,157.0,225.0,0,0.5,133.1,138.9
2013-12-08,Pakistan,138.0,137.0,1,0.7,144.4,138.1
2013-12-08,Afghanistan,137.0,138.0,0,0.5,133.2,136.8
2013-12-11,Sri Lanka,145.0,146.0,0,0.6,141.6,140.8
2013-12-11,Pakistan,146.0,145.0,1,0.7,139.5,142.6
2013-12-13,Sri Lanka,211.0,187.0,1,0.6,148.8,147.2
2013-12-13,Pakistan,187.0,211.0,0,0.6,142.4,148.5
2014-01-11,New Zealand,189.0,108.0,1,0.5,164.2,156.1
2014-01-11,West Indies,108.0,189.0,0,0.6,153.2,143.4
2014-01-15,West Indies,159.0,163.0,0,0.6,156.2,146.7
2014-01-15,New Zealand,163.0,159.0,1,0.6,171.9,163.3
2014-01-29,England,200.0,213.0,0,0.4,178.2,183.9
2014-01-29,Australia,213.0,200.0,1,0.3,164.5,179.7
2014-01-31,England,130.0,131.0,0,0.4,176.2,180.1
2014-01-31,Australia,131.0,130.0,1,0.3,162.9,178.1
2014-02-02,Australia,195.0,111.0,1,0.4,170.7,174.3
2014-02-02,England,111.0,195.0,0,0.4,171.6,183.8
2014-02-12,Sri Lanka,168.0,166.0,1,0.7,155.5,150.1
2014-02-12,Bangladesh,166.0,168.0,0,0.2,162.5,171.3
2014-02-14,Bangladesh,120.0,123.0,0,0.1,160.0,169.2
2014-02-14,Sri Lanka,123.0,120.0,1,0.7,153.9,148.4
2014-02-19,Ireland,117.0,116.0,1,0.6,141.7,141.3
2014-02-19,West Indies,116.0,117.0,0,0.5,147.3,145.3
2014-02-21,West Indies,96.0,85.0,1,0.5,143.2,143.7
2014-02-21,Ireland,85.0,96.0,0,0.5,139.3,140.3
2014-03-09,West Indies,170.0,143.0,1,0.5,140.5,140.1
2014-03-09,England,143.0,170.0,0,0.3,167.8,183.1
2014-03-11,England,152.0,155.0,0,0.2,161.6,181.2
2014-03-11,West Indies,155.0,152.0,1,0.5,136.9,138.9
2014-03-12,South Africa,80.0,81.0,0,0.6,135.4,129.0
2014-03-12,Australia,81.0,80.0,1,0.5,165.7,161.8
2014-03-13,England,165.0,160.0,1,0.3,164.4,178.0
2014-03-13,West Indies,160.0,165.0,0,0.4,139.8,142.4
2014-03-14,South Africa,128.0,129.0,0,0.5,130.3,127.3
2014-03-14,Australia,129.0,128.0,1,0.6,164.9,160.7
2014-03-16,Nepal,149.0,69.0,1,1.0,149.0,69.0
2014-03-16,Hong Kong,69.0,149.0,0,0.0,69.0,149.0
2014-03-16,Afghanistan,72.0,78.0,0,0.5,132.4,125.0
2014-03-16,Bangladesh,78.0,72.0,1,0.2,155.0,163.3
2014-03-17,Netherlands,152.0,151.0,1,0.5,134.7,133.2
2014-03-17,U.A.E.,151.0,152.0,0,0.0,151.0,152.0
2014-03-17,Ireland,164.0,163.0,1,0.5,144.2,145.2
2014-03-17,Zimbabwe,163.0,164.0,0,0.1,140.1,160.1
2014-03-18,Hong Kong,153.0,154.0,0,0.0,111.0,151.5
2014-03-18,Afghanistan,154.0,153.0,1,0.5,134.6,129.8
2014-03-18,Nepal,126.0,132.0,0,0.5,137.5,100.5
2014-03-18,Bangladesh,132.0,126.0,1,0.3,155.0,156.8
2014-03-19,Netherlands,140.0,146.0,0,0.5,137.3,136.3
2014-03-19,Zimbabwe,146.0,140.0,1,0.2,134.7,153.9
2014-03-19,U.A.E.,123.0,103.0,0,0.0,137.0,127.5
2014-03-19,Ireland,103.0,123.0,1,0.5,138.9,142.3
2014-03-20,Hong Kong,114.0,108.0,1,0.3333333333333333,112.0,137.0
2014-03-20,Bangladesh,108.0,114.0,0,0.3,148.3,150.4
2014-03-20,Afghanistan,132.0,141.0,0,0.4,133.8,130.0
2014-03-20,Nepal,141.0,132.0,1,0.6666666666666666,138.66666666666666,111.0
2014-03-21,U.A.E.,116.0,118.0,0,0.0,130.0,124.33333333333333
2014-03-21,Zimbabwe,118.0,116.0,1,0.3,136.5,147.3
2014-03-21,Ireland,189.0,193.0,0,0.5,145.9,142.6
2014-03-21,Netherlands,193.0,189.0,1,0.6,142.2,140.7
2014-03-21,Pakistan,130.0,131.0,0,0.5,141.9,149.2
2014-03-21,India,131.0,130.0,1,0.7,158.4,148.4
2014-03-22,South Africa,160.0,165.0,0,0.5,136.3,124.3
2014-03-22,Sri Lanka,165.0,160.0,1,0.7,154.3,152.5
2014-03-22,England,172.0,52.0,0,0.2,167.3,169.3
2014-03-22,New Zealand,52.0,172.0,1,0.6,160.2,164.0
2014-03-23,West Indies,129.0,130.0,0,0.3,136.9,143.7
2014-03-23,India,130.0,129.0,1,0.7,154.4,153.3
2014-03-23,Pakistan,191.0,175.0,1,0.5,144.9,153.1
2014-03-23,Australia,175.0,191.0,0,0.6,170.5,163.7
2014-03-24,Sri Lanka,40.0,39.0,1,0.7,138.5,138.3
2014-03-24,South Africa,170.0,168.0,1,0.5,141.8,130.8
2014-03-24,New Zealand,168.0,170.0,0,0.6,162.4,163.1
2014-03-24,Netherlands,39.0,40.0,0,0.5,133.0,131.9
2014-03-25,West Indies,171.0,98.0,1,0.4,138.8,137.7
2014-03-25,Bangladesh,98.0,171.0,0,0.3,140.2,147.8
2014-03-27,South Africa,145.0,139.0,1,0.5,141.8,132.4
2014-03-27,Netherlands,139.0,145.0,0,0.5,129.7,128.8
2014-03-27,Sri Lanka,189.0,190.0,0,0.7,147.1,145.8
2014-03-27,England,190.0,189.0,1,0.3,166.7,168.1
2014-03-28,India,141.0,138.0,1,0.8,154.5,153.0
2014-03-28,Bangladesh,138.0,141.0,0,0.3,135.9,142.1
2014-03-28,Australia,178.0,179.0,0,0.6,171.9,162.5
2014-03-28,West Indies,179.0,178.0,1,0.5,144.3,142.0
2014-03-29,Netherlands,151.0,152.0,0,0.5,133.5,132.6
2014-03-29,New Zealand,152.0,151.0,1,0.7,160.2,156.8
2014-03-29,South Africa,196.0,193.0,1,0.6,145.1,135.3
2014-03-29,England,193.0,196.0,0,0.3,165.1,162.9
2014-03-30,India,159.0,86.0,1,0.8,157.5,148.8
2014-03-30,Australia,86.0,159.0,0,0.5,155.7,157.5
2014-03-30,Pakistan,190.0,140.0,1,0.5,146.0,151.1
2014-03-30,Bangladesh,140.0,190.0,0,0.3,133.7,144.3
2014-03-31,Sri Lanka,119.0,60.0,1,0.8,146.7,137.3
2014-03-31,New Zealand,60.0,119.0,0,0.6,147.0,155.0
2014-03-31,Netherlands,133.0,88.0,1,0.5,137.6,132.4
2014-03-31,England,88.0,133.0,0,0.2,154.4,159.4
2014-04-01,West Indies,166.0,82.0,1,0.6,150.1,131.3
2014-04-01,Pakistan,82.0,166.0,0,0.5,144.4,157.8
2014-04-01,Bangladesh,153.0,158.0,0,0.2,132.2,146.7
2014-04-01,Australia,158.0,153.0,1,0.6,154.7,153.3
2014-04-03,West Indies,80.0,160.0,0,0.6,142.2,131.0
2014-04-03,Sri Lanka,160.0,80.0,1,0.8,146.3,129.0
2014-04-04,South Africa,172.0,176.0,0,0.5,152.4,143.1
2014-04-04,India,176.0,172.0,1,0.8,159.9,150.9
2014-04-06,India,130.0,134.0,0,0.7,157.1,148.6
2014-04-06,Sri Lanka,134.0,130.0,1,0.8,145.4,127.8
2014-05-20,Sri Lanka,183.0,174.0,1,0.9,149.2,130.6
2014-05-20,England,174.0,183.0,0,0.2,151.8,156.4
2014-07-05,West Indies,132.0,117.0,0,0.6,143.8,131.0
2014-07-05,New Zealand,117.0,132.0,1,0.7,144.8,153.9
2014-07-06,West Indies,165.0,126.0,1,0.6,150.7,135.1
2014-07-06,New Zealand,126.0,165.0,0,0.6,137.3,150.8
2014-09-07,England,180.0,177.0,1,0.3,156.8,161.0
2014-09-07,India,177.0,180.0,0,0.7,157.1,148.5
2014-10-05,Pakistan,96.0,97.0,0,0.5,139.6,152.5
2014-10-05,Australia,97.0,96.0,1,0.7,144.3,142.7
2014-11-05,Australia,144.0,145.0,0,0.6,137.4,137.2
2014-11-05,South Africa,145.0,144.0,1,0.5,151.9,143.1
2014-11-07,Australia,102.0,101.0,1,0.6,134.5,134.3
2014-11-07,South Africa,101.0,102.0,0,0.4,146.7,147.3
2014-11-09,South Africa,145.0,146.0,0,0.4,144.2,144.3
2014-11-09,Australia,146.0,145.0,1,0.6,129.6,137.7
2014-11-24,Nepal,72.0,73.0,0,0.5,122.0,101.5
2014-11-24,Hong Kong,73.0,72.0,1,0.5,102.25,120.75
2014-12-04,New Zealand,135.0,140.0,0,0.5,130.4,145.9
2014-12-04,Pakistan,140.0,135.0,1,0.6,147.6,150.7
2014-12-05,Pakistan,127.0,144.0,0,0.5,142.7,148.1
2014-12-05,New Zealand,144.0,127.0,1,0.6,130.6,144.3
2015-01-09,South Africa,165.0,168.0,0,0.4,152.7,153.0
2015-01-09,West Indies,168.0,165.0,1,0.6,150.5,137.3
2015-01-11,South Africa,231.0,236.0,0,0.4,163.0,163.7
2015-01-11,West Indies,236.0,231.0,1,0.6,158.6,145.2
2015-01-14,South Africa,195.0,126.0,1,0.5,166.5,159.8
2015-01-14,West Indies,126.0,195.0,0,0.6,155.2,148.2
2015-04-24,Pakistan,141.0,143.0,0,0.4,143.0,148.7
2015-04-24,Bangladesh,143.0,141.0,1,0.3,127.6,140.4
2015-05-22,Pakistan,173.0,172.0,1,0.4,145.7,151.4
2015-05-22,Zimbabwe,172.0,173.0,0,0.3,144.4,155.2
2015-05-24,Zimbabwe,175.0,176.0,0,0.3,148.9,159.7
2015-05-24,Pakistan,176.0,175.0,1,0.5,144.6,147.8
2015-06-18,Ireland,146.0,150.0,0,0.5,146.0,143.0
2015-06-18,Scotland,150.0,146.0,1,0.5,133.2,137.7
2015-06-20,Ireland,166.0,167.0,0,0.5,148.6,145.6
2015-06-20,Scotland,167.0,166.0,1,0.5,133.7,141.5
2015-06-23,New Zealand,135.0,191.0,0,0.5,125.2,152.6
2015-06-23,England,191.0,135.0,1,0.4,164.8,155.0
2015-06-30,Nepal,116.0,134.0,0,0.4,120.8,108.0
2015-06-30,Netherlands,134.0,116.0,1,0.6,136.0,127.5
2015-07-01,Netherlands,172.0,69.0,1,0.6,140.2,124.3
2015-07-01,Nepal,69.0,172.0,0,0.3333333333333333,112.16666666666667,118.66666666666667
2015-07-02,Netherlands,149.0,131.0,1,0.6,140.2,122.7
2015-07-02,Nepal,131.0,149.0,0,0.2857142857142857,114.85714285714286,123.0
2015-07-03,Netherlands,139.0,141.0,0,0.5,138.9,121.7
2015-07-03,Nepal,141.0,139.0,1,0.375,118.125,125.0
2015-07-05,South Africa,148.0,96.0,1,0.5,164.3,152.6
2015-07-05,Bangladesh,96.0,148.0,0,0.3,120.6,138.4
2015-07-07,Bangladesh,138.0,169.0,0,0.3,122.4,143.0
2015-07-07,South Africa,169.0,138.0,1,0.5,166.7,152.5
2015-07-09,U.A.E.,109.0,110.0,0,0.0,124.75,120.75
2015-07-09,Scotland,110.0,109.0,1,0.6,134.2,139.2
2015-07-09,Afghanistan,162.0,130.0,1,0.4,133.8,137.4
2015-07-09,Netherlands,130.0,162.0,0,0.5,137.9,123.3
2015-07-10,U.A.E.,164.0,168.0,0,0.0,132.6,130.2
2015-07-10,Afghanistan,168.0,164.0,1,0.5,139.1,138.9
2015-07-11,Netherlands,191.0,159.0,1,0.5,137.7,120.3
2015-07-11,Scotland,159.0,191.0,0,0.6,136.2,144.3
2015-07-12,Netherlands,125.0,119.0,1,0.6,146.3,128.2
2015-07-12,U.A.E.,119.0,125.0,0,0.0,130.33333333333334,129.33333333333334
2015-07-12,Afghanistan,210.0,173.0,1,0.6,151.1,147.0
2015-07-12,Scotland,173.0,210.0,0,0.5,142.2,157.5
2015-07-13,Nepal,53.0,54.0,0,0.3333333333333333,110.88888888888889,117.11111111111111
2015-07-13,Ireland,54.0,53.0,1,0.6,141.7,138.4
2015-07-15,Ireland,123.0,124.0,0,0.5,137.2,134.2
2015-07-15,P.N.G.,124.0,123.0,1,1.0,124.0,123.0
2015-07-15,Nepal,109.0,110.0,0,0.3,110.7,116.4
2015-07-15,Hong Kong,110.0,109.0,1,0.6,103.8,118.4
2015-07-17,Zimbabwe,124.0,178.0,0,0.3,149.6,161.7
2015-07-17,India,178.0,124.0,1,0.8,161.6,147.5
2015-07-17,Ireland,124.0,129.0,0,0.4,127.1,131.4
2015-07-17,Nepal,93.0,99.0,0,0.2,105.1,119.4
2015-07-17,P.N.G.,99.0,93.0,1,1.0,111.5,108.0
2015-07-17,Hong Kong,129.0,124.0,1,0.6666666666666666,108.0,119.33333333333333
2015-07-19,Zimbabwe,145.0,135.0,1,0.3,147.3,159.0
2015-07-19,India,135.0,145.0,0,0.7,155.9,143.9
2015-07-21,Afghanistan,161.0,162.0,0,0.5,150.1,147.8
2015-07-21,Hong Kong,162.0,161.0,1,0.7142857142857143,115.71428571428571,125.28571428571429
2015-07-23,P.N.G.,127.0,128.0,0,0.6666666666666666,116.66666666666667,114.66666666666667
2015-07-23,Afghanistan,128.0,127.0,1,0.5,148.1,149.1
2015-07-25,Ireland,128.0,129.0,0,0.3,128.2,132.7
2015-07-25,Hong Kong,116.0,117.0,0,0.625,115.75,124.25
2015-07-25,Scotland,117.0,116.0,1,0.5,143.3,159.1
2015-07-25,Oman,127.0,130.0,0,0.0,127.0,130.0
2015-07-25,Afghanistan,130.0,127.0,1,0.6,145.4,139.3
2015-07-25,Netherlands,129.0,128.0,1,0.7,145.3,126.5
2015-07-30,Sri Lanka,146.0,175.0,0,0.8,142.7,129.4
2015-07-30,Pakistan,175.0,146.0,1,0.6,149.1,149.3
2015-08-01,Pakistan,174.0,172.0,1,0.6,147.4,149.0
2015-08-01,Sri Lanka,172.0,174.0,0,0.7,143.1,130.2
2015-08-09,New Zealand,198.0,118.0,1,0.5,128.7,148.5
2015-08-09,Zimbabwe,118.0,198.0,0,0.3,145.7,162.0
2015-08-14,New Zealand,151.0,152.0,0,0.4,138.6,146.5
2015-08-14,South Africa,152.0,151.0,1,0.5,162.3,148.3
2015-08-16,New Zealand,177.0,145.0,1,0.5,139.5,144.0
2015-08-16,South Africa,145.0,177.0,0,0.5,159.6,148.4
2015-08-31,England,182.0,177.0,1,0.5,168.7,155.7
2015-08-31,Australia,177.0,182.0,0,0.5,139.2,147.9
2015-09-27,Pakistan,136.0,123.0,1,0.6,142.0,147.3
2015-09-27,Zimbabwe,123.0,136.0,0,0.3,144.4,159.5
2015-09-29,Pakistan,136.0,121.0,1,0.7,147.4,142.8
2015-09-29,Zimbabwe,121.0,136.0,0,0.3,140.5,155.2
2015-10-02,India,199.0,200.0,0,0.6,155.6,143.8
2015-10-02,South Africa,200.0,199.0,1,0.5,165.1,153.9
2015-10-05,India,92.0,96.0,0,0.5,151.7,140.4
2015-10-05,South Africa,96.0,92.0,1,0.6,164.6,152.9
2015-10-26,Afghanistan,154.0,153.0,1,0.7,147.1,140.8
2015-10-26,Zimbabwe,153.0,154.0,0,0.3,139.5,154.2
2015-10-28,Zimbabwe,190.0,191.0,0,0.2,143.9,159.3
2015-10-28,Afghanistan,191.0,190.0,1,0.8,159.0,152.0
2015-11-09,Sri Lanka,215.0,185.0,1,0.7,152.3,136.7
2015-11-09,West Indies,185.0,215.0,0,0.6,160.8,156.7
2015-11-11,West Indies,162.0,139.0,1,0.6,159.9,160.8
2015-11-11,Sri Lanka,139.0,162.0,0,0.6,149.7,136.9
2015-11-13,Bangladesh,136.0,131.0,1,0.3,128.2,148.9
2015-11-13,Zimbabwe,131.0,136.0,0,0.1,145.2,161.3
2015-11-15,Bangladesh,135.0,136.0,0,0.2,128.5,149.9
2015-11-15,Zimbabwe,136.0,135.0,1,0.2,141.6,157.5
2015-11-21,Hong Kong,106.0,107.0,0,0.5555555555555556,114.66666666666667,122.33333333333333
2015-11-21,Oman,107.0,106.0,1,0.5,117.0,118.0
2015-11-22,Oman,133.0,134.0,0,0.3333333333333333,122.33333333333333,123.33333333333333
2015-11-22,U.A.E.,134.0,133.0,1,0.14285714285714285,130.85714285714286,129.85714285714286
2015-11-25,Hong Kong,127.0,131.0,0,0.5,115.9,123.2
2015-11-25,Oman,131.0,127.0,1,0.5,124.5,124.25
2015-11-26,Pakistan,146.0,160.0,0,0.7,152.4,149.1
2015-11-26,England,160.0,146.0,1,0.6,169.5,154.8
2015-11-26,Oman,149.0,155.0,0,0.4,129.4,130.4
2015-11-26,Hong Kong,155.0,149.0,1,0.6,124.5,123.2
2015-11-27,England,172.0,169.0,1,0.6,170.2,155.7
2015-11-27,Pakistan,169.0,172.0,0,0.6,155.3,152.8
2015-11-28,Afghanistan,162.0,166.0,0,0.7,159.8,153.3
2015-11-28,Hong Kong,166.0,162.0,1,0.7,125.8,124.0
2015-11-29,Afghanistan,159.0,132.0,1,0.8,162.5,152.4
2015-11-29,Oman,132.0,159.0,0,0.3333333333333333,129.83333333333334,135.16666666666666
2015-11-30,Oman,148.0,160.0,0,0.2857142857142857,132.42857142857142,138.71428571428572
2015-11-30,Afghanistan,160.0,148.0,1,0.8,162.3,154.2
2016-01-07,New Zealand,182.0,179.0,1,0.5,142.5,146.8
2016-01-07,Sri Lanka,179.0,182.0,0,0.5,163.6,151.2
2016-01-08,Afghanistan,187.0,182.0,1,0.8,164.2,156.0
2016-01-08,Zimbabwe,182.0,187.0,0,0.2,142.3,158.6
2016-01-10,Sri Lanka,142.0,147.0,0,0.5,158.9,146.9
2016-01-10,New Zealand,147.0,142.0,1,0.6,151.2,149.1
2016-01-10,Afghanistan,215.0,134.0,1,0.8,164.7,152.1
2016-01-10,Zimbabwe,134.0,215.0,0,0.2,143.3,162.3
2016-01-15,New Zealand,155.0,171.0,0,0.5,155.0,153.0
2016-01-15,Pakistan,171.0,155.0,1,0.7,159.7,153.9
2016-01-15,Zimbabwe,163.0,166.0,0,0.1,145.1,165.4
2016-01-15,Bangladesh,166.0,163.0,1,0.3,134.3,154.8
2016-01-17,Pakistan,168.0,171.0,0,0.7,162.4,156.7
2016-01-17,New Zealand,171.0,168.0,1,0.6,159.5,153.3
2016-01-17,Bangladesh,167.0,125.0,1,0.4,141.2,150.2
2016-01-17,Zimbabwe,125.0,167.0,0,0.1,145.8,162.3
2016-01-20,Zimbabwe,187.0,156.0,1,0.2,152.2,164.3
2016-01-20,Bangladesh,156.0,187.0,0,0.4,143.0,154.8
2016-01-22,New Zealand,196.0,101.0,1,0.7,165.6,149.4
2016-01-22,Pakistan,101.0,196.0,0,0.6,155.2,159.1
2016-01-22,Zimbabwe,180.0,162.0,1,0.3,158.1,166.9
2016-01-22,Bangladesh,162.0,180.0,0,0.4,145.2,153.8
2016-01-26,India,188.0,151.0,1,0.5,157.5,142.6
2016-01-26,Australia,151.0,188.0,0,0.4,141.4,153.9
2016-01-29,India,184.0,157.0,1,0.5,161.8,144.5
2016-01-29,Australia,157.0,184.0,0,0.4,139.6,153.2
2016-01-30,Scotland,66.0,72.0,0,0.5,134.5,149.2
2016-01-30,Hong Kong,72.0,66.0,1,0.7,121.6,119.8
2016-01-31,Hong Kong,124.0,161.0,0,0.6,126.7,128.7
2016-01-31,Scotland,161.0,124.0,1,0.6,141.5,143.3
2016-01-31,India,200.0,197.0,1,0.5,165.9,155.6
2016-01-31,Australia,197.0,200.0,0,0.4,141.5,155.3
2016-02-03,Netherlands,157.0,73.0,1,0.8,145.9,118.6
2016-02-03,U.A.E.,73.0,157.0,0,0.125,123.625,133.25
2016-02-04,U.A.E.,148.0,139.0,1,0.2222222222222222,126.33333333333333,133.88888888888889
2016-02-04,Scotland,139.0,148.0,0,0.5,138.9,143.1
2016-02-05,Scotland,140.0,103.0,1,0.6,138.2,138.5
2016-02-05,Netherlands,103.0,140.0,0,0.7,142.9,123.8
2016-02-06,P.N.G.,92.0,97.0,0,0.5,110.5,110.25
2016-02-06,Ireland,97.0,92.0,1,0.4,129.4,132.3
2016-02-07,P.N.G.,89.0,96.0,0,0.4,106.2,107.4
2016-02-07,Ireland,96.0,89.0,1,0.4,122.6,124.9
2016-02-09,India,101.0,105.0,0,0.4,158.4,148.9
2016-02-09,Sri Lanka,105.0,101.0,1,0.5,157.5,151.0
2016-02-09,P.N.G.,116.0,105.0,1,0.5,107.83333333333333,107.0
2016-02-09,Ireland,105.0,116.0,0,0.3,122.8,124.2
2016-02-12,India,196.0,127.0,1,0.5,165.0,148.2
2016-02-12,Sri Lanka,127.0,196.0,0,0.4,154.2,162.6
2016-02-14,India,84.0,82.0,1,0.6,155.7,138.4
2016-02-14,Sri Lanka,82.0,84.0,0,0.3,149.0,158.0
2016-02-14,U.A.E.,100.0,134.0,0,0.2,123.7,133.9
2016-02-14,Ireland,134.0,100.0,1,0.4,117.3,114.9
2016-02-16,U.A.E.,133.0,128.0,1,0.3,121.9,131.5
2016-02-16,Ireland,128.0,133.0,0,0.4,115.5,113.2
2016-02-19,U.A.E.,176.0,160.0,1,0.4,127.2,137.2
2016-02-19,Hong Kong,175.0,180.0,0,0.5,133.2,135.8
2016-02-19,Afghanistan,160.0,176.0,0,0.8,164.6,153.5
2016-02-19,South Africa,135.0,134.0,1,0.7,163.6,151.7
2016-02-19,England,134.0,135.0,0,0.6,166.4,164.0
2016-02-19,Oman,180.0,175.0,1,0.375,138.375,143.25
2016-02-20,Oman,165.0,168.0,0,0.3333333333333333,141.33333333333334,146.0
2016-02-20,Afghanistan,168.0,165.0,1,0.8,168.6,157.3
2016-02-21,Hong Kong,146.0,147.0,0,0.4,134.9,138.1
2016-02-21,U.A.E.,147.0,146.0,1,0.5,130.3,140.0
2016-02-21,England,171.0,172.0,0,0.5,164.5,162.3
2016-02-21,South Africa,172.0,171.0,1,0.8,164.3,152.0
2016-02-22,Hong Kong,112.0,178.0,0,0.3,129.9,139.8
2016-02-22,Afghanistan,178.0,112.0,1,0.8,173.4,155.8
2016-02-22,Oman,101.0,172.0,0,0.3,137.3,148.6
2016-02-22,U.A.E.,172.0,101.0,1,0.6,136.6,139.1
2016-02-24,India,166.0,121.0,1,0.6,154.5,138.1
2016-02-24,Bangladesh,121.0,166.0,0,0.4,142.0,154.6
2016-02-25,Sri Lanka,129.0,115.0,1,0.3,143.6,152.1
2016-02-25,U.A.E.,115.0,129.0,0,0.6,131.7,135.2
2016-02-26,Bangladesh,133.0,82.0,1,0.4,141.0,148.7
2016-02-26,U.A.E.,82.0,133.0,0,0.6,128.0,136.0
2016-02-27,Pakistan,83.0,85.0,0,0.5,145.9,150.1
2016-02-27,India,85.0,83.0,1,0.7,149.5,131.9
2016-02-28,Sri Lanka,124.0,147.0,0,0.3,141.4,149.3
2016-02-28,Bangladesh,147.0,124.0,1,0.5,146.1,146.3
2016-03-01,Sri Lanka,138.0,142.0,0,0.3,138.0,146.1
2016-03-01,India,142.0,138.0,1,0.8,143.8,125.7
2016-03-02,Pakistan,129.0,131.0,0,0.4,141.3,148.6
2016-03-02,Bangladesh,131.0,129.0,1,0.6,145.4,142.3
2016-03-03,U.A.E.,81.0,82.0,0,0.5,122.7,130.9
2016-03-03,India,82.0,81.0,1,0.9,142.8,124.2
2016-03-04,South Africa,158.0,157.0,1,0.9,157.0,144.1
2016-03-04,Australia,157.0,158.0,0,0.4,148.6,155.2
2016-03-04,Sri Lanka,150.0,151.0,0,0.2,131.5,142.7
2016-03-04,Pakistan,151.0,150.0,1,0.4,139.0,146.4
2016-03-06,South Africa,204.0,205.0,0,0.8,157.9,152.0
2016-03-06,Australia,205.0,204.0,1,0.4,153.3,160.3
2016-03-06,Bangladesh,120.0,122.0,0,0.5,143.8,141.4
2016-03-06,India,122.0,120.0,1,0.9,136.2,121.1
2016-03-08,Afghanistan,170.0,156.0,1,0.8,175.0,156.1
2016-03-08,Scotland,156.0,170.0,0,0.5,138.8,140.9
2016-03-08,Zimbabwe,158.0,144.0,1,0.4,158.6,165.9
2016-03-08,Hong Kong,144.0,158.0,0,0.3,132.7,143.9
2016-03-09,Netherlands,145.0,153.0,0,0.6,144.0,127.5
2016-03-09,Ireland,154.0,157.0,0,0.4,114.3,112.2
2016-03-09,Oman,157.0,154.0,1,0.4,140.3,151.0
2016-03-09,South Africa,178.0,181.0,0,0.7,160.9,160.5
2016-03-09,Australia,181.0,178.0,1,0.4,161.7,168.5
2016-03-09,Bangladesh,153.0,145.0,1,0.6,145.6,142.3
2016-03-10,Hong Kong,116.0,119.0,0,0.3,133.7,145.1
2016-03-10,Afghanistan,119.0,116.0,1,0.8,167.8,148.7
2016-03-10,Zimbabwe,147.0,136.0,1,0.5,154.3,160.4
2016-03-10,Scotland,136.0,147.0,0,0.4,135.7,139.0
2016-03-12,Afghanistan,186.0,127.0,1,0.9,170.2,144.8
2016-03-12,Zimbabwe,127.0,186.0,0,0.5,153.9,165.4
2016-03-12,Hong Kong,127.0,78.0,0,0.3,133.7,139.8
2016-03-12,Scotland,78.0,127.0,1,0.4,132.5,140.8
2016-03-13,Bangladesh,180.0,65.0,1,0.6,147.0,132.5
2016-03-13,Oman,65.0,180.0,0,0.3,136.1,158.4
2016-03-13,Netherlands,59.0,47.0,1,0.6,132.7,125.3
2016-03-13,Ireland,47.0,59.0,0,0.3,113.6,112.8
2016-03-15,New Zealand,126.0,79.0,1,0.7,163.8,144.6
2016-03-15,India,79.0,126.0,0,0.8,125.7,118.0
2016-03-16,England,182.0,183.0,0,0.5,163.4,161.0
2016-03-16,West Indies,183.0,182.0,1,0.6,160.3,161.2
2016-03-16,Pakistan,201.0,146.0,1,0.4,145.5,148.7
2016-03-16,Bangladesh,146.0,201.0,0,0.5,144.9,140.1
2016-03-17,Afghanistan,153.0,155.0,0,0.8,169.6,147.1
2016-03-17,Sri Lanka,155.0,153.0,1,0.3,133.1,141.8
2016-03-18,Australia,134.0,142.0,0,0.4,160.7,168.2
2016-03-18,New Zealand,142.0,134.0,1,0.8,164.5,138.9
2016-03-18,South Africa,229.0,230.0,0,0.6,166.9,169.7
2016-03-18,England,230.0,229.0,1,0.6,177.6,170.6
2016-03-19,Pakistan,118.0,119.0,0,0.3,143.7,148.5
2016-03-19,India,119.0,118.0,1,0.8,117.6,110.1
2016-03-20,South Africa,209.0,172.0,1,0.6,172.6,171.8
2016-03-20,Afghanistan,172.0,209.0,0,0.7,170.8,153.2
2016-03-20,Sri Lanka,122.0,127.0,0,0.3,127.4,136.3
2016-03-20,West Indies,127.0,122.0,1,0.6,156.4,165.2
2016-03-21,Bangladesh,156.0,157.0,0,0.5,144.9,137.1
2016-03-21,Australia,157.0,156.0,1,0.4,166.2,173.7
2016-03-22,New Zealand,180.0,158.0,1,0.8,162.7,142.9
2016-03-22,Pakistan,158.0,180.0,0,0.3,144.9,150.5
2016-03-23,Bangladesh,145.0,146.0,0,0.5,143.2,133.7
2016-03-23,England,142.0,127.0,1,0.7,174.4,165.0
2016-03-23,Afghanistan,127.0,142.0,0,0.6,164.8,149.2
2016-03-23,India,146.0,145.0,1,0.9,122.1,114.1
2016-03-25,South Africa,122.0,123.0,0,0.6,170.3,166.4
2016-03-25,West Indies,123.0,122.0,1,0.7,160.7,161.4
2016-03-25,Australia,193.0,172.0,1,0.4,170.9,176.4
2016-03-25,Pakistan,172.0,193.0,0,0.3,145.2,152.6
2016-03-26,England,171.0,161.0,1,0.7,173.5,163.4
2016-03-26,Sri Lanka,161.0,171.0,0,0.3,129.3,138.7
2016-03-26,New Zealand,145.0,70.0,1,0.9,162.1,134.7
2016-03-26,Bangladesh,70.0,145.0,0,0.5,138.1,131.6
2016-03-27,Afghanistan,123.0,117.0,1,0.6,155.6,147.5
2016-03-27,West Indies,117.0,123.0,0,0.7,159.2,162.0
2016-03-27,Australia,160.0,161.0,0,0.4,169.2,174.3
2016-03-27,India,161.0,160.0,1,0.9,118.6,117.4
2016-03-28,South Africa,122.0,120.0,1,0.6,162.5,158.5
2016-03-28,Sri Lanka,120.0,122.0,0,0.2,130.8,140.8
2016-03-30,New Zealand,153.0,159.0,0,0.8,159.7,136.1
2016-03-30,England,159.0,153.0,1,0.7,170.3,165.2
2016-03-31,India,192.0,196.0,0,0.8,129.4,128.8
2016-03-31,West Indies,196.0,192.0,1,0.7,162.3,168.6
2016-04-03,England,155.0,161.0,0,0.6,167.6,163.6
2016-04-03,West Indies,161.0,155.0,1,0.7,161.6,167.6
2016-06-18,Zimbabwe,170.0,168.0,1,0.5,157.3,168.7
2016-06-18,India,168.0,170.0,0,0.7,129.6,133.7
2016-06-20,India,103.0,99.0,1,0.7,131.4,135.3
2016-06-20,Zimbabwe,99.0,103.0,0,0.5,149.0,160.3
2016-06-22,India,138.0,135.0,1,0.7,131.0,135.0
2016-06-22,Zimbabwe,135.0,138.0,0,0.5,149.1,152.6
2016-07-05,Sri Lanka,140.0,144.0,0,0.2,132.1,135.6
2016-07-05,England,144.0,140.0,1,0.6,166.0,163.0
2016-08-27,West Indies,245.0,244.0,1,0.7,162.5,168.9
2016-08-27,India,244.0,245.0,0,0.6,147.2,151.4
2016-09-05,Hong Kong,169.0,129.0,1,0.3,135.1,137.8
2016-09-05,Ireland,129.0,169.0,0,0.3,114.2,117.3
2016-09-06,Sri Lanka,178.0,263.0,0,0.2,141.7,153.5
2016-09-06,Australia,263.0,178.0,1,0.5,180.4,173.3
2016-09-07,England,135.0,139.0,0,0.5,162.3,160.0
2016-09-07,Pakistan,139.0,135.0,1,0.3,142.0,150.6
2016-09-09,Sri Lanka,128.0,130.0,0,0.1,141.6,155.0
2016-09-09,Australia,130.0,128.0,1,0.6,177.7,167.7
2016-09-23,West Indies,115.0,116.0,0,0.7,161.4,161.0
2016-09-23,Pakistan,116.0,115.0,1,0.4,136.8,145.0
2016-09-24,West Indies,144.0,160.0,0,0.7,157.3,155.5
2016-09-24,Pakistan,160.0,144.0,1,0.5,142.7,139.8
2016-09-27,Pakistan,108.0,103.0,1,0.6,145.2,141.6
2016-09-27,West Indies,103.0,108.0,0,0.6,151.4,152.4
2016-12-14,Afghanistan,161.0,150.0,1,0.7,155.7,144.9
2016-12-14,U.A.E.,150.0,161.0,0,0.5,130.4,131.3
2016-12-16,U.A.E.,179.0,183.0,0,0.4,133.5,135.7
2016-12-16,Afghanistan,183.0,179.0,1,0.7,157.2,146.3
2016-12-18,Afghanistan,189.0,145.0,1,0.7,158.3,149.6
2016-12-18,U.A.E.,145.0,189.0,0,0.4,138.0,141.2
2017-01-03,Bangladesh,141.0,143.0,0,0.4,138.9,137.7
2017-01-03,New Zealand,143.0,141.0,1,0.8,155.8,132.3
2017-01-06,Bangladesh,148.0,195.0,0,0.3,139.0,144.8
2017-01-06,New Zealand,195.0,148.0,1,0.8,160.6,132.9
2017-01-08,New Zealand,194.0,167.0,1,0.9,164.5,132.5
2017-01-08,Bangladesh,167.0,194.0,0,0.2,142.6,151.3
2017-01-14,Ireland,125.0,126.0,0,0.3,114.3,117.0
2017-01-14,Afghanistan,126.0,125.0,1,0.7,153.9,146.5
2017-01-14,Scotland,189.0,165.0,1,0.5,135.5,138.2
2017-01-14,Hong Kong,165.0,189.0,0,0.2,135.0,140.5
2017-01-15,Netherlands,148.0,146.0,1,0.6,132.6,126.8
2017-01-15,Oman,146.0,148.0,0,0.3,137.4,159.8
2017-01-16,Hong Kong,87.0,89.0,0,0.1,136.5,142.8
2017-01-16,Oman,89.0,87.0,1,0.3,133.2,155.8
2017-01-16,U.A.E.,146.0,147.0,0,0.3,139.3,143.1
2017-01-16,Afghanistan,147.0,146.0,1,0.7,156.7,149.5
2017-01-17,Scotland,148.0,141.0,1,0.6,133.0,131.3
2017-01-17,Netherlands,141.0,148.0,0,0.6,132.8,127.5
2017-01-18,Ireland,160.0,136.0,1,0.4,117.5,117.7
2017-01-18,U.A.E.,136.0,160.0,0,0.2,135.3,143.1
2017-01-18,Hong Kong,183.0,92.0,1,0.2,142.4,135.9
2017-01-18,Netherlands,92.0,183.0,0,0.6,129.0,129.6
2017-01-19,Oman,133.0,134.0,0,0.3,131.6,153.7
2017-01-19,Scotland,134.0,133.0,1,0.6,134.7,133.0
2017-01-20,Afghanistan,75.0,71.0,1,0.7,145.6,143.9
2017-01-20,Sri Lanka,107.0,126.0,0,0.1,139.9,152.9
2017-01-20,South Africa,126.0,107.0,1,0.6,165.5,160.0
2017-01-20,Ireland,71.0,75.0,0,0.3,114.9,116.0
2017-01-20,Ireland,211.0,113.0,1,0.3,126.4,118.4
2017-01-20,Afghanistan,150.0,149.0,1,0.8,145.3,143.3
2017-01-20,Scotland,113.0,211.0,0,0.6,139.4,146.9
2017-01-20,Oman,149.0,150.0,0,0.3,133.3,152.8
2017-01-22,South Africa,113.0,119.0,0,0.5,163.3,158.5
2017-01-22,Sri Lanka,119.0,113.0,1,0.2,138.0,150.0
2017-01-25,South Africa,169.0,170.0,0,0.4,163.0,158.4
2017-01-25,Sri Lanka,170.0,169.0,1,0.3,140.0,151.8
2017-01-26,England,148.0,147.0,1,0.6,163.7,161.2
2017-01-26,India,147.0,148.0,0,0.5,149.7,154.2
2017-01-29,India,144.0,139.0,1,0.6,156.2,155.5
2017-01-29,England,139.0,144.0,0,0.6,160.5,158.4
2017-02-01,India,202.0,127.0,1,0.6,164.5,156.4
2017-02-01,England,127.0,202.0,0,0.6,155.0,160.3
2017-02-17,South Africa,185.0,107.0,1,0.4,165.7,153.4
2017-02-17,New Zealand,107.0,185.0,0,0.8,158.1,134.2
2017-02-17,Australia,168.0,172.0,0,0.6,174.8,164.9
2017-02-17,Sri Lanka,172.0,168.0,1,0.3,141.7,153.3
2017-02-19,Sri Lanka,176.0,173.0,1,0.4,147.1,157.9
2017-02-19,Australia,173.0,176.0,0,0.6,176.4,166.7
2017-02-22,Australia,187.0,146.0,1,0.6,174.6,160.9
2017-02-22,Sri Lanka,146.0,187.0,0,0.4,145.6,159.5
2017-03-08,Ireland,165.0,171.0,0,0.3,132.4,123.9
2017-03-08,Afghanistan,171.0,165.0,1,0.9,145.2,138.9
2017-03-10,Afghanistan,184.0,93.0,1,1.0,150.9,134.0
2017-03-10,Ireland,93.0,184.0,0,0.2,128.3,132.3
2017-03-12,Afghanistan,233.0,205.0,1,1.0,161.9,142.8
2017-03-12,Ireland,205.0,233.0,0,0.2,136.0,142.3
2017-03-26,Pakistan,115.0,111.0,1,0.7,143.8,139.6
2017-03-26,West Indies,111.0,115.0,0,0.5,144.2,145.7
2017-03-30,Pakistan,132.0,129.0,1,0.7,141.9,137.5
2017-03-30,West Indies,129.0,132.0,0,0.4,144.4,146.7
2017-04-01,Pakistan,137.0,138.0,0,0.6,135.5,136.7
2017-04-01,West Indies,138.0,137.0,1,0.4,145.9,148.2
2017-04-02,West Indies,124.0,127.0,0,0.4,146.6,148.6
2017-04-02,Pakistan,127.0,124.0,1,0.7,136.4,137.2
2017-04-04,Bangladesh,155.0,158.0,0,0.2,146.1,154.9
2017-04-04,Sri Lanka,158.0,155.0,1,0.5,149.4,162.8
2017-04-06,Bangladesh,176.0,131.0,1,0.2,148.4,153.5
2017-04-06,Sri Lanka,131.0,176.0,0,0.5,148.5,166.0
2017-04-12,U.A.E.,108.0,102.0,1,0.2,131.4,138.7
2017-04-12,P.N.G.,102.0,108.0,0,0.42857142857142855,107.0,107.14285714285714
2017-04-14,U.A.E.,180.0,150.0,1,0.2,132.2,143.6
2017-04-14,P.N.G.,150.0,180.0,0,0.375,112.375,116.25
2017-04-14,P.N.G.,128.0,129.0,0,0.3333333333333333,114.11111111111111,117.66666666666667
2017-04-14,U.A.E.,129.0,128.0,1,0.3,133.6,143.5
2017-06-02,Afghanistan,110.0,114.0,0,0.9,156.8,139.2
2017-06-02,West Indies,114.0,110.0,1,0.4,138.4,140.4
2017-06-03,Afghanistan,93.0,112.0,0,0.8,147.8,132.5
2017-06-03,West Indies,112.0,93.0,1,0.4,133.5,134.2
2017-06-05,Afghanistan,146.0,147.0,0,0.7,143.5,132.7
2017-06-05,West Indies,147.0,146.0,1,0.4,123.7,124.4
2017-06-21,South Africa,142.0,143.0,0,0.4,159.5,147.2
2017-06-21,England,143.0,142.0,1,0.6,146.3,151.6
2017-06-23,South Africa,174.0,171.0,1,0.5,159.1,146.2
2017-06-23,England,171.0,174.0,0,0.5,149.2,156.3
2017-06-25,England,181.0,162.0,1,0.5,150.2,156.4
2017-06-25,South Africa,162.0,181.0,0,0.5,152.4,141.3
2017-07-09,West Indies,194.0,190.0,1,0.5,131.6,131.8
2017-07-09,India,190.0,194.0,0,0.5,168.9,161.3
2017-09-06,Sri Lanka,170.0,174.0,0,0.5,147.7,157.1
2017-09-06,India,174.0,170.0,1,0.5,170.2,162.3
2017-09-12,Pakistan,197.0,177.0,1,0.8,140.3,136.9
2017-09-12,World-XI,177.0,197.0,0,0.0,177.0,197.0
2017-09-13,Pakistan,174.0,175.0,0,0.8,140.5,135.1
2017-09-13,World-XI,175.0,174.0,1,0.5,176.0,185.5
2017-09-15,Pakistan,183.0,150.0,1,0.8,144.9,136.6
2017-09-15,World-XI,150.0,183.0,0,0.3333333333333333,167.33333333333334,184.66666666666666
2017-09-16,West Indies,176.0,155.0,1,0.6,134.8,131.3
2017-09-16,England,155.0,176.0,0,0.4,149.8,158.7
2017-10-07,Australia,118.0,49.0,0,0.5,168.3,148.0
2017-10-07,India,49.0,118.0,1,0.6,155.9,154.5
2017-10-10,India,118.0,122.0,0,0.6,150.9,149.7
2017-10-10,Australia,122.0,118.0,1,0.6,167.1,145.6
2017-10-26,South Africa,195.0,175.0,1,0.5,151.0,141.6
2017-10-26,Bangladesh,175.0,195.0,0,0.1,147.9,166.5
2017-10-26,Sri Lanka,102.0,103.0,0,0.5,145.1,154.4
2017-10-26,Pakistan,103.0,102.0,1,0.8,143.6,135.3
2017-10-27,Pakistan,125.0,124.0,1,0.8,140.1,133.3
2017-10-27,Sri Lanka,124.0,125.0,0,0.5,146.8,154.3
2017-10-29,South Africa,224.0,141.0,1,0.6,161.2,143.4
2017-10-29,Bangladesh,141.0,224.0,0,0.1,147.4,168.8
2017-10-29,Pakistan,180.0,144.0,1,0.8,147.3,137.4
2017-10-29,Sri Lanka,144.0,180.0,0,0.4,149.3,161.0
2017-11-01,India,202.0,149.0,1,0.6,160.8,154.7
2017-11-01,New Zealand,149.0,202.0,0,0.7,153.4,144.3
2017-11-04,New Zealand,196.0,156.0,1,0.7,160.4,152.0
2017-11-04,India,156.0,196.0,0,0.5,162.6,160.8
2017-11-07,India,67.0,61.0,1,0.6,144.9,142.4
2017-11-07,New Zealand,61.0,67.0,0,0.6,152.3,145.3
2017-12-20,India,180.0,87.0,1,0.7,148.2,136.3
2017-12-20,Sri Lanka,87.0,180.0,0,0.3,141.0,162.1
2017-12-22,India,260.0,172.0,1,0.7,159.8,139.6
2017-12-22,Sri Lanka,172.0,260.0,0,0.2,141.0,171.3
2017-12-24,Sri Lanka,135.0,139.0,0,0.1,136.9,167.9
2017-12-24,India,139.0,135.0,1,0.7,153.5,140.4
2017-12-29,West Indies,140.0,187.0,0,0.6,138.5,139.2
2017-12-29,New Zealand,187.0,140.0,1,0.6,153.0,143.5
2018-01-03,New Zealand,243.0,124.0,1,0.6,162.8,148.9
2018-01-03,West Indies,124.0,243.0,0,0.6,139.8,152.0
2018-01-22,Pakistan,105.0,106.0,0,0.7,146.3,136.9
2018-01-22,New Zealand,106.0,105.0,1,0.7,158.1,143.5
2018-01-25,Pakistan,201.0,153.0,1,0.7,153.2,139.3
2018-01-25,New Zealand,153.0,201.0,0,0.6,159.1,149.5
2018-01-28,New Zealand,163.0,181.0,0,0.5,155.9,152.8
2018-01-28,Pakistan,181.0,163.0,1,0.8,157.6,141.8
2018-02-03,Australia,96.0,117.0,1,0.6,161.0,141.7
2018-02-03,New Zealand,117.0,96.0,0,0.4,148.2,145.7
2018-02-05,Zimbabwe,120.0,121.0,0,0.5,144.8,148.1
2018-02-05,Afghanistan,121.0,120.0,1,0.7,143.0,132.2
2018-02-06,Afghanistan,158.0,141.0,1,0.7,144.1,131.7
2018-02-06,Zimbabwe,141.0,158.0,0,0.5,146.4,147.2
2018-02-07,England,155.0,161.0,0,0.4,149.8,158.7
2018-02-07,Australia,161.0,155.0,1,0.6,157.8,140.0
2018-02-10,England,137.0,138.0,0,0.3,149.1,158.5
2018-02-10,Australia,138.0,137.0,1,0.7,155.6,137.6
2018-02-13,New Zealand,196.0,184.0,1,0.5,157.1,145.6
2018-02-13,England,184.0,196.0,0,0.3,154.0,164.2
2018-02-15,Bangladesh,193.0,194.0,0,0.1,151.1,172.5
2018-02-15,Sri Lanka,194.0,193.0,1,0.2,141.7,168.5
2018-02-16,Australia,245.0,243.0,1,0.7,153.8,144.1
2018-02-16,New Zealand,243.0,245.0,0,0.5,166.5,149.9
2018-02-18,India,203.0,175.0,1,0.8,154.8,138.5
2018-02-18,South Africa,175.0,203.0,0,0.5,166.5,151.7
2018-02-18,England,194.0,192.0,1,0.3,158.6,168.7
2018-02-18,New Zealand,192.0,194.0,0,0.4,166.1,153.7
2018-02-18,Sri Lanka,210.0,135.0,1,0.2,146.9,166.5
2018-02-18,Bangladesh,135.0,210.0,0,0.1,150.1,178.9
2018-02-21,South Africa,189.0,188.0,1,0.5,172.8,159.8
2018-02-21,India,188.0,189.0,0,0.7,156.2,140.4
2018-02-21,Australia,121.0,150.0,1,0.7,152.9,146.3
2018-02-21,New Zealand,150.0,121.0,0,0.4,175.0,159.1
2018-02-24,India,172.0,165.0,1,0.7,168.5,145.1
2018-02-24,South Africa,165.0,172.0,0,0.5,178.0,165.1
2018-03-06,India,174.0,175.0,0,0.7,174.1,150.4
2018-03-06,Sri Lanka,175.0,174.0,1,0.3,151.3,166.3
2018-03-08,Bangladesh,139.0,140.0,0,0.1,157.0,178.4
2018-03-08,India,140.0,139.0,1,0.7,167.9,149.4
2018-03-10,Bangladesh,215.0,214.0,1,0.2,164.4,185.5
2018-03-10,Sri Lanka,214.0,215.0,0,0.3,155.7,170.4
2018-03-12,Sri Lanka,152.0,153.0,0,0.3,160.7,175.4
2018-03-12,India,153.0,152.0,1,0.8,167.6,145.0
2018-03-14,India,176.0,159.0,1,0.8,178.5,154.8
2018-03-14,Bangladesh,159.0,176.0,0,0.2,165.5,183.6
2018-03-16,Sri Lanka,159.0,160.0,0,0.3,164.2,178.9
2018-03-16,Bangladesh,160.0,159.0,1,0.3,164.8,180.1
2018-03-18,Bangladesh,166.0,168.0,0,0.3,165.9,181.1
2018-03-18,India,168.0,166.0,1,0.8,177.3,162.7
2018-04-01,Pakistan,203.0,60.0,1,0.8,165.2,135.4
2018-04-01,West Indies,60.0,203.0,0,0.6,132.9,159.1
2018-04-02,Pakistan,205.0,123.0,1,0.8,166.0,130.0
2018-04-02,West Indies,123.0,205.0,0,0.5,131.4,165.9
2018-04-03,West Indies,153.0,154.0,0,0.5,134.3,168.6
2018-04-03,Pakistan,154.0,153.0,1,0.9,164.0,127.8
2018-05-31,West Indies,199.0,127.0,1,0.5,142.8,170.3
2018-05-31,ICC World XI,127.0,199.0,0,0.0,127.0,199.0
2018-06-03,Bangladesh,122.0,167.0,0,0.2,160.5,184.7
2018-06-03,Afghanistan,167.0,122.0,1,0.7,153.3,136.8
2018-06-05,Bangladesh,134.0,135.0,0,0.2,156.4,178.7
2018-06-05,Afghanistan,135.0,134.0,1,0.7,151.8,135.3
2018-06-07,Afghanistan,145.0,144.0,1,0.7,149.2,133.2
2018-06-07,Bangladesh,144.0,145.0,0,0.2,156.7,170.8
2018-06-12,Pakistan,204.0,156.0,1,0.9,166.1,128.4
2018-06-12,Scotland,156.0,204.0,0,0.5,138.9,154.9
2018-06-12,Netherlands,144.0,140.0,1,0.6,124.3,127.7
2018-06-12,Ireland,140.0,144.0,0,0.2,134.6,141.0
2018-06-13,Ireland,158.0,159.0,0,0.2,145.7,151.0
2018-06-13,Netherlands,159.0,158.0,1,0.6,127.7,131.6
2018-06-13,Pakistan,166.0,82.0,1,0.9,172.4,126.4
2018-06-13,Scotland,82.0,166.0,0,0.5,133.2,156.7
2018-06-16,Ireland,205.0,159.0,1,0.3,153.3,150.0
2018-06-16,Scotland,159.0,205.0,0,0.4,135.1,166.9
2018-06-19,Scotland,161.0,160.0,1,0.5,135.6,165.9
2018-06-19,Netherlands,160.0,161.0,0,0.5,130.8,134.9
2018-06-20,Netherlands,106.0,221.0,0,0.4,125.7,149.7
2018-06-20,Scotland,221.0,106.0,1,0.6,144.1,161.8
2018-06-27,England,221.0,193.0,1,0.4,166.8,173.6
2018-06-27,Australia,193.0,221.0,0,0.7,155.4,151.2
2018-06-27,India,208.0,132.0,1,0.8,172.1,158.7
2018-06-27,Ireland,132.0,208.0,0,0.3,154.0,158.2
2018-06-29,India,213.0,70.0,1,0.8,179.5,152.2
2018-06-29,Ireland,70.0,213.0,0,0.2,145.0,165.9
2018-07-01,Pakistan,182.0,108.0,1,0.9,178.1,124.8
2018-07-01,Zimbabwe,108.0,182.0,0,0.4,138.5,149.8
2018-07-02,Pakistan,116.0,117.0,0,0.8,171.7,122.1
2018-07-02,Australia,117.0,116.0,1,0.8,149.8,145.2
2018-07-03,Australia,229.0,129.0,1,0.8,154.0,143.5
2018-07-03,Zimbabwe,129.0,229.0,0,0.3,133.4,156.5
2018-07-03,England,159.0,163.0,0,0.4,170.0,169.7
2018-07-03,India,163.0,159.0,1,0.8,175.5,150.6
2018-07-04,Zimbabwe,162.0,163.0,0,0.2,133.8,158.4
2018-07-04,Pakistan,163.0,162.0,1,0.9,177.5,127.7
2018-07-05,Australia,149.0,194.0,0,0.8,157.1,158.0
2018-07-05,Pakistan,194.0,149.0,1,0.9,176.8,127.3
2018-07-06,India,148.0,149.0,0,0.8,171.5,146.6
2018-07-06,England,149.0,148.0,1,0.4,170.6,170.3
2018-07-06,Zimbabwe,151.0,154.0,0,0.1,134.2,160.2
2018-07-06,Australia,154.0,151.0,1,0.8,160.3,161.3
2018-07-08,England,198.0,201.0,0,0.4,173.3,173.0
2018-07-08,India,201.0,198.0,1,0.8,174.4,149.9
2018-07-08,Australia,183.0,187.0,0,0.7,169.0,168.3
2018-07-08,Pakistan,187.0,183.0,1,0.9,177.4,129.3
2018-07-31,Bangladesh,143.0,93.0,0,0.2,151.7,160.7
2018-07-31,West Indies,93.0,143.0,1,0.5,140.9,175.3
2018-08-04,West Indies,159.0,171.0,0,0.4,142.1,177.8
2018-08-04,Bangladesh,171.0,159.0,1,0.3,155.3,155.6
2018-08-05,Bangladesh,184.0,135.0,1,0.4,159.8,155.1
2018-08-05,West Indies,135.0,184.0,0,0.3,136.2,177.2
2018-08-14,South Africa,98.0,99.0,0,0.5,170.9,158.0
2018-08-14,Sri Lanka,99.0,98.0,1,0.4,159.7,170.7
2018-08-20,Afghanistan,160.0,144.0,1,0.7,146.8,138.3
2018-08-20,Ireland,144.0,160.0,0,0.2,152.3,174.4
2018-08-22,Ireland,79.0,160.0,0,0.1,139.1,179.1
2018-08-22,Afghanistan,160.0,79.0,1,0.7,139.5,125.7
2018-10-09,Zimbabwe,126.0,160.0,0,0.1,134.1,157.6
2018-10-09,South Africa,160.0,126.0,1,0.5,168.4,159.9
2018-10-12,Zimbabwe,132.0,135.0,0,0.0,130.3,154.3
2018-10-12,South Africa,135.0,132.0,1,0.6,167.7,158.8
2018-10-22,U.A.E.,117.0,119.0,0,0.3,137.1,142.1
2018-10-22,Australia,119.0,117.0,1,0.7,164.8,164.5
2018-10-24,Pakistan,155.0,89.0,1,0.9,172.6,132.2
2018-10-24,Australia,89.0,155.0,0,0.6,159.9,166.3
2018-10-26,Pakistan,147.0,136.0,1,0.9,166.8,133.5
2018-10-26,Australia,136.0,147.0,0,0.5,149.0,156.7
2018-10-27,Sri Lanka,157.0,187.0,0,0.4,166.7,171.4
2018-10-27,England,187.0,157.0,1,0.4,173.9,172.5
2018-10-28,Pakistan,150.0,117.0,1,0.9,166.4,129.9
2018-10-28,Australia,117.0,150.0,0,0.4,148.6,156.7
2018-10-31,Pakistan,148.0,146.0,1,0.9,160.8,128.9
2018-10-31,New Zealand,146.0,148.0,0,0.3,170.9,159.9
2018-11-02,New Zealand,153.0,154.0,0,0.2,161.9,162.9
2018-11-02,Pakistan,154.0,153.0,1,0.9,159.6,136.0
2018-11-04,West Indies,109.0,110.0,0,0.2,129.5,172.7
2018-11-04,India,110.0,109.0,1,0.9,168.0,143.3
2018-11-04,Pakistan,166.0,119.0,1,0.9,158.0,137.1
2018-11-04,New Zealand,119.0,166.0,0,0.1,163.2,169.0
2018-11-06,India,195.0,124.0,1,0.9,173.5,141.8
2018-11-06,West Indies,124.0,195.0,0,0.2,127.9,173.5
2018-11-11,West Indies,181.0,182.0,0,0.2,133.6,167.4
2018-11-11,India,182.0,181.0,1,0.9,176.4,144.7
2018-11-17,South Africa,108.0,87.0,1,0.6,161.1,150.4
2018-11-17,Australia,87.0,108.0,0,0.4,138.0,145.4
2018-11-21,Australia,158.0,169.0,1,0.4,142.1,150.7
2018-11-21,India,169.0,158.0,0,0.8,175.7,144.6
2018-11-25,India,168.0,164.0,1,0.8,175.7,144.4
2018-11-25,Australia,164.0,168.0,0,0.3,135.6,154.6
2018-12-17,Bangladesh,129.0,130.0,0,0.3,151.2,146.7
2018-12-17,West Indies,130.0,129.0,1,0.3,140.6,160.0
2018-12-20,Bangladesh,211.0,175.0,1,0.4,156.4,146.6
2018-12-20,West Indies,175.0,211.0,0,0.3,145.8,160.6
2018-12-22,West Indies,190.0,140.0,1,0.4,149.5,159.2
2018-12-22,Bangladesh,140.0,190.0,0,0.3,154.4,149.7
2019-01-11,New Zealand,179.0,144.0,1,0.2,165.8,163.3
2019-01-11,Sri Lanka,144.0,179.0,0,0.4,163.9,163.3
2019-01-20,Kuwait,103.0,102.0,1,1.0,103.0,102.0
2019-01-20,Maldives,102.0,103.0,0,0.0,102.0,103.0
2019-01-20,Bahrain,176.0,135.0,1,1.0,176.0,135.0
2019-01-20,Saudi Arabia,135.0,176.0,0,0.0,135.0,176.0
2019-01-21,Maldives,141.0,142.0,0,0.0,121.5,122.5
2019-01-21,Bahrain,142.0,141.0,1,1.0,159.0,138.0
2019-01-21,Saudi Arabia,126.0,127.0,0,0.0,130.5,151.5
2019-01-21,Qatar,127.0,126.0,1,1.0,127.0,126.0
2019-01-22,Maldives,139.0,140.0,0,0.0,127.33333333333333,128.33333333333334
2019-01-22,Saudi Arabia,140.0,139.0,1,0.3333333333333333,133.66666666666666,147.33333333333334
2019-01-23,Qatar,135.0,134.0,1,1.0,131.0,130.0
2019-01-23,Maldives,134.0,135.0,0,0.0,129.0,130.0
2019-01-23,Bahrain,188.0,189.0,0,0.6666666666666666,168.66666666666666,155.0
2019-01-23,Kuwait,189.0,188.0,1,1.0,146.0,145.0
2019-01-24,Kuwait,135.0,137.0,0,0.6666666666666666,142.33333333333334,142.33333333333334
2019-01-24,Saudi Arabia,163.0,157.0,1,0.5,141.0,149.75
2019-01-24,Saudi Arabia,137.0,135.0,1,0.6,140.2,146.8
2019-01-24,Bahrain,157.0,205.0,0,0.5,165.75,167.5
2019-01-24,Qatar,205.0,157.0,1,1.0,155.66666666666666,139.0
2019-01-24,Qatar,157.0,163.0,0,0.75,156.0,145.0
2019-01-31,Nepal,132.0,153.0,0,0.2,105.7,121.5
2019-01-31,U.A.E.,153.0,132.0,1,0.4,144.3,147.1
2019-02-01,South Africa,192.0,186.0,1,0.7,164.1,150.9
2019-02-01,Pakistan,186.0,192.0,0,0.9,165.0,144.6
2019-02-01,U.A.E.,107.0,111.0,0,0.4,140.0,142.1
2019-02-01,Nepal,111.0,107.0,1,0.2,102.7,119.0
2019-02-03,Nepal,104.0,90.0,1,0.3,105.9,120.7
2019-02-03,U.A.E.,90.0,104.0,0,0.4,131.1,134.2
2019-02-03,South Africa,188.0,181.0,1,0.7,163.4,151.5
2019-02-03,Pakistan,181.0,188.0,0,0.8,166.8,147.2
2019-02-06,South Africa,141.0,168.0,0,0.6,155.1,154.2
2019-02-06,Pakistan,168.0,141.0,1,0.8,164.2,146.4
2019-02-06,New Zealand,219.0,139.0,1,0.3,171.4,159.1
2019-02-06,India,139.0,219.0,0,0.7,168.8,153.1
2019-02-08,New Zealand,158.0,162.0,0,0.3,175.5,165.7
2019-02-08,India,162.0,158.0,1,0.7,163.7,161.9
2019-02-10,India,208.0,212.0,0,0.6,168.2,167.2
2019-02-10,New Zealand,212.0,208.0,1,0.3,177.1,168.1
2019-02-13,Oman,144.0,159.0,0,0.3,132.9,152.7
2019-02-13,Ireland,159.0,144.0,1,0.2,138.5,176.4
2019-02-13,Scotland,153.0,154.0,0,0.5,151.6,164.5
2019-02-13,Netherlands,154.0,153.0,1,0.5,130.8,151.0
2019-02-15,Ireland,180.0,181.0,0,0.2,147.2,176.1
2019-02-15,Scotland,181.0,180.0,1,0.5,150.8,166.0
2019-02-15,Oman,166.0,167.0,0,0.2,131.5,151.9
2019-02-15,Netherlands,167.0,166.0,1,0.6,133.0,152.3
2019-02-17,Scotland,115.0,111.0,1,0.5,147.5,163.0
2019-02-17,Netherlands,182.0,183.0,0,0.5,145.3,165.9
2019-02-17,Ireland,183.0,182.0,1,0.3,145.0,171.0
2019-02-17,Oman,111.0,115.0,0,0.2,126.1,146.6
2019-02-21,Ireland,132.0,136.0,0,0.3,144.2,170.2
2019-02-21,Afghanistan,136.0,132.0,1,0.8,142.1,127.5
2019-02-23,Afghanistan,278.0,194.0,1,0.9,160.6,135.7
2019-02-23,Ireland,194.0,278.0,0,0.3,147.8,182.1
2019-02-24,India,126.0,127.0,0,0.6,166.0,165.0
2019-02-24,Australia,127.0,126.0,1,0.4,133.4,147.8
2019-02-24,Afghanistan,210.0,178.0,1,1.0,167.0,138.8
2019-02-24,Ireland,178.0,210.0,0,0.2,145.1,187.2
2019-02-27,Australia,194.0,190.0,1,0.4,137.4,151.7
2019-02-27,India,190.0,194.0,0,0.5,164.9,164.6
2019-03-05,West Indies,160.0,161.0,0,0.3,145.6,162.6
2019-03-05,England,161.0,160.0,1,0.5,174.5,170.9
2019-03-08,England,182.0,45.0,1,0.6,177.2,159.3
2019-03-08,West Indies,45.0,182.0,0,0.2,140.8,166.5
2019-03-10,West Indies,71.0,72.0,0,0.2,132.0,156.6
2019-03-10,England,72.0,71.0,1,0.7,170.7,152.6
2019-03-16,U.A.E.,182.0,158.0,1,0.5,134.8,131.1
2019-03-16,U.S.A.,158.0,182.0,0,0.0,158.0,182.0
2019-03-22,Sri Lanka,164.0,180.0,0,0.4,166.8,167.4
2019-03-22,South Africa,180.0,164.0,1,0.7,155.6,150.3
2019-03-22,P.N.G.,125.0,124.0,1,0.4,115.2,118.3
2019-03-22,Philippines,83.0,216.0,0,0.0,83.0,216.0
2019-03-22,P.N.G.,216.0,83.0,1,0.4,124.4,114.3
2019-03-22,Vanuatu,124.0,125.0,0,0.0,124.0,125.0
2019-03-23,Vanuatu,156.0,93.0,1,0.5,140.0,109.0
2019-03-23,Philippines,93.0,156.0,0,0.0,88.0,186.0
2019-03-24,South Africa,198.0,137.0,1,0.7,156.5,145.2
2019-03-24,Sri Lanka,137.0,198.0,0,0.3,161.1,167.9
2019-03-24,P.N.G.,60.0,56.0,1,0.4,120.5,110.6
2019-03-24,Vanuatu,36.0,46.0,0,0.3333333333333333,105.33333333333333,88.0
2019-03-24,Philippines,46.0,36.0,1,0.3333333333333333,74.0,136.0
2019-03-24,Vanuatu,56.0,60.0,0,0.25,93.0,81.0
2019-03-29,Malta,98.0,99.0,0,0.0,98.0,99.0
2019-03-29,Spain,99.0,98.0,1,1.0,99.0,98.0
2019-03-30,Spain,206.0,97.0,1,1.0,152.5,97.5
2019-03-30,Malta,97.0,206.0,0,0.0,97.5,152.5
2019-04-25,Mexico,108.0,112.0,0,0.0,108.0,112.0
2019-04-25,Belize,112.0,108.0,1,1.0,112.0,108.0
2019-04-25,Costa Rica,112.0,113.0,0,0.0,112.0,113.0
2019-04-25,Panama,113.0,112.0,1,1.0,113.0,112.0
2019-04-26,Panama,148.0,157.0,0,0.5,130.5,134.5
2019-04-26,Costa Rica,133.0,134.0,0,0.0,122.5,123.5
2019-04-26,Mexico,134.0,133.0,1,0.5,121.0,122.5
2019-04-26,Belize,157.0,148.0,1,1.0,134.5,128.0
2019-04-27,Costa Rica,89.0,92.0,0,0.0,111.33333333333333,113.0
2019-04-27,Belize,92.0,89.0,1,1.0,120.33333333333333,115.0
2019-04-27,Panama,148.0,115.0,1,0.6666666666666666,136.33333333333334,128.0
2019-04-27,Mexico,115.0,148.0,0,0.3333333333333333,119.0,131.0
2019-05-05,Pakistan,173.0,175.0,0,0.7,162.8,145.6
2019-05-05,England,175.0,173.0,1,0.8,169.8,150.3
2019-05-11,Germany,149.0,87.0,1,1.0,149.0,87.0
2019-05-11,Belgium,87.0,149.0,0,0.0,87.0,149.0
2019-05-11,Germany,128.0,119.0,1,1.0,138.5,103.0
2019-05-11,Belgium,119.0,128.0,0,0.0,103.0,138.5
2019-05-12,Germany,135.0,133.0,1,1.0,137.33333333333334,113.0
2019-05-12,Belgium,133.0,135.0,0,0.0,113.0,137.33333333333334
2019-05-20,Nigeria,105.0,106.0,0,0.0,105.0,106.0
2019-05-20,Kenya,106.0,105.0,1,0.5,114.7,120.8
2019-05-20,Ghana,91.0,92.0,0,0.0,91.0,92.0
2019-05-20,Namibia,92.0,91.0,1,1.0,92.0,91.0
2019-05-20,Uganda,142.0,90.0,1,1.0,142.0,90.0
2019-05-20,Botswana,90.0,142.0,0,0.0,90.0,142.0
2019-05-21,Ghana,88.0,141.0,0,0.0,89.5,116.5
2019-05-21,Botswana,108.0,119.0,0,0.0,99.0,130.5
2019-05-21,Kenya,141.0,88.0,1,0.5,117.4,118.3
2019-05-21,Uganda,125.0,167.0,0,0.5,133.5,128.5
2019-05-21,Nigeria,119.0,108.0,1,0.5,112.0,107.0
2019-05-21,Namibia,167.0,125.0,1,1.0,129.5,108.0
2019-05-22,Nigeria,135.0,107.0,1,0.6666666666666666,119.66666666666667,107.0
2019-05-22,Ghana,107.0,135.0,0,0.0,95.33333333333333,122.66666666666667
2019-05-22,Botswana,46.0,50.0,0,0.0,81.33333333333333,103.66666666666667
2019-05-22,Namibia,50.0,46.0,1,1.0,103.0,87.33333333333333
2019-05-22,Kenya,145.0,144.0,1,0.6,124.1,121.4
2019-05-22,Uganda,144.0,145.0,0,0.3333333333333333,137.0,134.0
2019-05-23,Uganda,117.0,113.0,1,0.5,132.0,128.75
2019-05-23,Ghana,113.0,117.0,0,0.0,99.75,121.25
2019-05-25,Germany,53.0,57.0,0,0.75,116.25,99.0
2019-05-25,Italy,57.0,53.0,1,1.0,57.0,53.0
2019-05-25,Germany,130.0,135.0,0,0.6,119.0,106.2
2019-05-25,Italy,135.0,130.0,1,1.0,96.0,91.5
2019-06-01,Jersey,164.0,123.0,1,1.0,164.0,123.0
2019-06-01,Guernsey,123.0,164.0,0,0.0,123.0,164.0
2019-06-01,Jersey,171.0,95.0,1,1.0,167.5,109.0
2019-06-01,Guernsey,95.0,171.0,0,0.0,109.0,167.5
2019-06-15,Guernsey,108.0,109.0,0,0.0,108.66666666666667,148.0
2019-06-15,Jersey,109.0,108.0,1,1.0,148.0,108.66666666666667
2019-06-15,Germany,118.0,117.0,1,0.6666666666666666,118.83333333333333,108.0
2019-06-15,Norway,151.0,85.0,0,0.0,151.0,85.0
2019-06-15,Italy,85.0,151.0,1,1.0,92.33333333333333,111.33333333333333
2019-06-15,Guernsey,117.0,118.0,0,0.0,110.75,140.5
2019-06-16,Germany,134.0,138.0,0,0.5714285714285714,121.0,112.28571428571429
2019-06-16,Italy,138.0,134.0,1,1.0,103.75,117.0
2019-06-16,Jersey,131.0,113.0,1,1.0,143.75,109.75
2019-06-16,Denmark,113.0,131.0,0,0.0,113.0,131.0
2019-06-16,Italy,121.0,110.0,1,1.0,107.2,115.6
2019-06-16,Guernsey,110.0,121.0,0,0.0,110.6,136.6
2019-06-16,Jersey,160.0,80.0,1,1.0,147.0,103.8
2019-06-16,Norway,80.0,160.0,0,0.0,115.5,122.5
2019-06-17,Denmark,141.0,95.0,1,0.5,127.0,113.0
2019-06-17,Norway,95.0,141.0,0,0.0,108.66666666666667,128.66666666666666
2019-06-19,Norway,95.0,96.0,0,0.0,105.25,120.5
2019-06-19,Italy,76.0,149.0,0,0.8333333333333334,102.0,121.16666666666667
2019-06-19,Guernsey,96.0,95.0,1,0.16666666666666666,108.16666666666667,129.66666666666666
2019-06-19,Germany,110.0,109.0,1,0.625,119.625,111.875
2019-06-19,Denmark,109.0,110.0,0,0.3333333333333333,121.0,112.0
2019-06-19,Jersey,149.0,76.0,1,1.0,147.33333333333334,99.16666666666667
2019-06-20,Jersey,134.0,136.0,0,0.8571428571428571,145.42857142857142,104.42857142857143
2019-06-20,Italy,128.0,158.0,0,0.7142857142857143,105.71428571428571,126.42857142857143
2019-06-20,Denmark,158.0,128.0,1,0.5,130.25,116.0
2019-06-20,Germany,136.0,134.0,1,0.6666666666666666,121.44444444444444,114.33333333333333
2019-06-20,Norway,99.0,101.0,0,0.0,104.0,116.6
2019-06-20,Denmark,112.0,118.0,0,0.4,126.6,116.4
2019-06-20,Guernsey,118.0,112.0,1,0.2857142857142857,109.57142857142857,127.14285714285714
2019-06-20,Germany,101.0,99.0,1,0.7,119.4,112.8
2019-06-23,Netherlands,199.0,150.0,1,0.5,150.4,166.3
2019-06-23,Zimbabwe,150.0,199.0,0,0.0,135.4,163.9
2019-06-24,Thailand,113.0,114.0,0,0.0,113.0,114.0
2019-06-24,Malaysia,114.0,113.0,1,1.0,114.0,113.0
2019-06-25,Malaysia,186.0,113.0,1,1.0,150.0,113.0
2019-06-25,Maldives,113.0,186.0,0,0.0,125.8,141.2
2019-06-26,Thailand,130.0,131.0,0,0.0,121.5,122.5
2019-06-26,Maldives,131.0,130.0,1,0.16666666666666666,126.66666666666667,139.33333333333334
2019-06-27,Thailand,127.0,129.0,0,0.0,123.33333333333333,124.66666666666667
2019-06-27,Malaysia,129.0,127.0,1,1.0,143.0,117.66666666666667
2019-06-29,Maldives,153.0,154.0,0,0.14285714285714285,130.42857142857142,141.42857142857142
2019-06-29,Thailand,154.0,153.0,1,0.25,131.0,131.75
2019-07-04,Kuwait,157.0,154.0,1,0.75,146.0,145.25
2019-07-04,Qatar,154.0,157.0,0,0.6,155.6,147.4
2019-07-06,Kuwait,203.0,206.0,0,0.6,157.4,157.4
2019-07-06,Qatar,206.0,203.0,1,0.6666666666666666,164.0,156.66666666666666
2019-07-08,Samoa,83.0,29.0,0,0.0,83.0,29.0
2019-07-08,P.N.G.,29.0,83.0,1,0.5,110.7,106.1
2019-07-09,Vanuatu,77.0,78.0,0,0.2,89.8,80.4
2019-07-09,P.N.G.,78.0,77.0,1,0.6,109.3,104.1
2019-07-09,Vanuatu,147.0,148.0,0,0.16666666666666666,99.33333333333333,91.66666666666667
2019-07-09,Samoa,148.0,147.0,1,0.5,115.5,88.0
2019-07-10,P.N.G.,83.0,81.0,1,0.7,108.7,102.6
2019-07-10,Samoa,81.0,83.0,0,0.3333333333333333,104.0,86.33333333333333
2019-07-12,Vanuatu,180.0,148.0,1,0.2857142857142857,110.85714285714286,99.71428571428571
2019-07-12,Samoa,148.0,180.0,0,0.25,115.0,109.75
2019-07-12,P.N.G.,181.0,122.0,1,0.7,115.2,104.3
2019-07-12,Vanuatu,122.0,181.0,0,0.25,112.25,109.875
2019-07-12,Zimbabwe,132.0,134.0,0,0.0,135.1,163.5
2019-07-12,Ireland,134.0,132.0,1,0.3,145.3,179.6
2019-07-13,Finland,116.0,117.0,0,0.0,116.0,117.0
2019-07-13,Finland,86.0,124.0,0,0.0,101.0,120.5
2019-07-13,Denmark,124.0,86.0,1,0.5,126.16666666666667,111.33333333333333
2019-07-13,Denmark,117.0,116.0,1,0.5714285714285714,124.85714285714286,112.0
2019-07-13,Malaysia,128.0,129.0,0,0.75,139.25,120.5
2019-07-13,Vanuatu,105.0,137.0,0,0.2222222222222222,111.44444444444444,112.88888888888889
2019-07-13,P.N.G.,137.0,105.0,1,0.8,118.7,104.0
2019-07-13,Nepal,129.0,128.0,1,0.4,107.2,120.1
2019-07-14,Nepal,173.0,167.0,1,0.5,117.6,119.6
2019-07-14,Malaysia,167.0,173.0,0,0.6,144.8,131.0
2019-07-14,Ireland,171.0,172.0,0,0.3,155.4,175.5
2019-07-14,Zimbabwe,172.0,171.0,1,0.1,140.3,168.5
2019-07-22,Qatar,153.0,186.0,0,0.5714285714285714,162.42857142857142,160.85714285714286
2019-07-22,Singapore,186.0,153.0,1,1.0,186.0,153.0
2019-07-22,Malaysia,162.0,120.0,1,0.6666666666666666,147.66666666666666,129.16666666666666
2019-07-22,Kuwait,120.0,162.0,0,0.5,151.16666666666666,158.16666666666666
2019-07-23,Nepal,122.0,124.0,0,0.5,116.7,117.1
2019-07-23,Qatar,124.0,122.0,1,0.625,157.625,156.0
2019-07-24,Malaysia,83.0,86.0,0,0.5714285714285714,138.42857142857142,123.0
2019-07-24,Nepal,86.0,83.0,1,0.5,111.2,111.5
2019-07-26,Singapore,96.0,92.0,1,1.0,141.0,122.5
2019-07-26,Malaysia,92.0,96.0,0,0.5,132.625,119.625
2019-07-26,Kuwait,197.0,187.0,1,0.5714285714285714,157.71428571428572,162.28571428571428
2019-07-26,Qatar,187.0,197.0,0,0.5555555555555556,160.88888888888889,160.55555555555554
2019-07-27,Kuwait,141.0,143.0,0,0.5,155.625,159.875
2019-07-27,Nepal,143.0,141.0,1,0.6,120.2,120.2
2019-07-27,Malaysia,144.0,147.0,0,0.4444444444444444,133.88888888888889,122.66666666666667
2019-07-27,Qatar,147.0,144.0,1,0.6,159.5,158.9
2019-07-28,Singapore,191.0,109.0,1,1.0,157.66666666666666,118.0
2019-07-28,Nepal,109.0,191.0,0,0.6,120.2,128.3
2019-08-03,India,98.0,95.0,1,0.5,163.7,163.2
2019-08-03,West Indies,95.0,98.0,0,0.2,128.0,148.0
2019-08-03,Netherlands,168.0,181.0,0,0.5,153.1,169.6
2019-08-03,U.A.E.,181.0,168.0,1,0.6,138.3,133.2
2019-08-04,India,167.0,98.0,1,0.5,160.9,160.6
2019-08-04,West Indies,98.0,167.0,0,0.2,126.9,153.7
2019-08-05,Netherlands,136.0,140.0,0,0.5,157.5,165.3
2019-08-05,U.A.E.,140.0,136.0,1,0.7,138.7,130.8
2019-08-06,India,150.0,146.0,1,0.5,157.7,157.1
2019-08-06,West Indies,146.0,150.0,0,0.2,129.1,149.2
2019-08-06,U.A.E.,152.0,138.0,1,0.7,143.1,134.4
2019-08-06,Netherlands,138.0,152.0,0,0.4,156.9,166.5
2019-08-08,Netherlands,150.0,153.0,0,0.3,156.0,166.0
2019-08-08,U.A.E.,153.0,150.0,1,0.7,140.4,134.4
2019-08-17,Finland,135.0,141.0,0,0.0,112.33333333333333,127.33333333333333
2019-08-17,Spain,141.0,135.0,1,1.0,148.66666666666666,110.0
2019-08-17,Finland,185.0,103.0,1,0.25,130.5,121.25
2019-08-17,Spain,103.0,185.0,0,0.75,137.25,128.75
2019-08-18,U.S.A.,135.0,141.0,0,0.0,146.5,161.5
2019-08-18,Canada,196.0,112.0,1,0.2,133.8,138.6
2019-08-18,Cayman Is,112.0,196.0,0,0.0,112.0,196.0
2019-08-18,Finland,158.0,159.0,0,0.2,136.0,128.8
2019-08-18,Spain,159.0,158.0,1,0.8,141.6,134.6
2019-08-18,Bermuda,141.0,135.0,1,0.25,87.75,87.25
2019-08-19,Cayman Is,68.0,60.0,0,0.0,90.0,128.0
2019-08-19,U.S.A.,60.0,68.0,1,0.3333333333333333,117.66666666666667,130.33333333333334
2019-08-19,Namibia,193.0,100.0,1,1.0,125.5,90.5
2019-08-19,Botswana,100.0,193.0,0,0.0,86.0,126.0
2019-08-20,Botswana,116.0,240.0,0,0.0,92.0,148.8
2019-08-20,Namibia,240.0,116.0,1,1.0,148.4,95.6
2019-08-21,Cayman Is,116.0,117.0,0,0.0,98.66666666666667,124.33333333333333
2019-08-21,Bermuda,117.0,116.0,1,0.4,93.6,93.0
2019-08-21,U.S.A.,144.0,145.0,0,0.25,124.25,134.0
2019-08-21,Canada,145.0,144.0,1,0.3,134.5,138.9
2019-08-22,Bermuda,142.0,141.0,1,0.5,101.66666666666667,101.0
2019-08-22,Canada,95.0,91.0,1,0.4,134.7,134.5
2019-08-22,U.S.A.,141.0,142.0,0,0.2,127.6,135.6
2019-08-22,Botswana,96.0,174.0,0,0.0,92.66666666666667,153.0
2019-08-22,Namibia,174.0,96.0,1,1.0,152.66666666666666,95.66666666666667
2019-08-22,Cayman Is,91.0,95.0,0,0.0,96.75,117.0
2019-08-23,Botswana,85.0,86.0,0,0.0,91.57142857142857,143.42857142857142
2019-08-23,Namibia,86.0,85.0,1,1.0,143.14285714285714,94.14285714285714
2019-08-24,Cayman Is,66.0,70.0,0,0.0,90.6,107.6
2019-08-24,U.S.A.,70.0,66.0,1,0.3333333333333333,118.0,124.0
2019-08-24,Bermuda,116.0,120.0,0,0.42857142857142855,103.71428571428571,103.71428571428571
2019-08-24,Canada,120.0,116.0,1,0.5,133.4,128.7
2019-08-25,Bermuda,115.0,114.0,1,0.5,105.125,105.0
2019-08-25,Cayman Is,114.0,115.0,0,0.0,94.5,108.83333333333333
2019-08-25,Canada,173.0,158.0,1,0.6,140.1,133.6
2019-08-25,U.S.A.,158.0,173.0,0,0.2857142857142857,123.71428571428571,131.0
2019-08-29,Romania,137.0,106.0,1,1.0,137.0,106.0
2019-08-29,Austria,106.0,137.0,0,0.0,106.0,137.0
2019-08-29,Turkey,28.0,29.0,0,0.0,28.0,29.0
2019-08-29,Luxembourg,29.0,28.0,1,1.0,29.0,28.0
2019-08-29,Romania,226.0,53.0,1,1.0,181.5,79.5
2019-08-29,Turkey,53.0,226.0,0,0.0,40.5,127.5
2019-08-30,Czech Rep.,278.0,21.0,1,1.0,278.0,21.0
2019-08-30,Turkey,21.0,278.0,0,0.0,34.0,177.66666666666666
2019-08-30,Luxembourg,127.0,129.0,0,0.5,78.0,78.5
2019-08-30,Romania,129.0,127.0,1,1.0,164.0,95.33333333333333
2019-08-30,Czech Rep.,125.0,126.0,0,0.5,201.5,73.5
2019-08-30,Austria,126.0,125.0,1,0.5,116.0,131.0
2019-08-31,Austria,33.0,32.0,1,0.6666666666666666,88.33333333333333,98.0
2019-08-31,Turkey,32.0,33.0,0,0.0,33.5,141.5
2019-08-31,Czech Rep.,116.0,115.0,1,0.6666666666666666,173.0,87.33333333333333
2019-08-31,Romania,115.0,116.0,0,0.75,151.75,100.5
2019-08-31,Luxembourg,104.0,239.0,0,0.3333333333333333,86.66666666666667,132.0
2019-08-31,Austria,239.0,104.0,1,0.75,126.0,99.5
2019-09-01,Sri Lanka,174.0,175.0,0,0.2,157.5,171.9
2019-09-01,Czech Rep.,163.0,193.0,0,0.5,170.5,113.75
2019-09-01,New Zealand,175.0,174.0,1,0.4,170.3,161.0
2019-09-01,Czech Rep.,148.0,145.0,1,0.6,166.0,120.0
2019-09-01,Luxembourg,145.0,148.0,0,0.25,101.25,136.0
2019-09-01,Austria,193.0,163.0,1,0.8,139.4,112.2
2019-09-03,Sri Lanka,161.0,165.0,0,0.1,156.1,171.0
2019-09-03,New Zealand,165.0,161.0,1,0.5,167.6,157.7
2019-09-06,Sri Lanka,125.0,88.0,1,0.2,147.2,158.3
2019-09-06,New Zealand,88.0,125.0,0,0.5,161.4,158.1
2019-09-13,Zimbabwe,144.0,148.0,0,0.1,140.6,167.5
2019-09-13,Bangladesh,148.0,144.0,1,0.4,152.6,147.3
2019-09-14,Zimbabwe,169.0,197.0,0,0.1,146.7,169.0
2019-09-14,Afghanistan,197.0,169.0,1,1.0,174.6,143.7
2019-09-15,Bangladesh,139.0,164.0,0,0.4,154.3,147.0
2019-09-15,Afghanistan,164.0,139.0,1,1.0,175.2,143.5
2019-09-16,Scotland,252.0,194.0,1,0.5,159.3,169.1
2019-09-16,Netherlands,194.0,252.0,0,0.3,159.4,175.1
2019-09-17,Scotland,193.0,194.0,0,0.5,167.3,167.4
2019-09-17,Ireland,194.0,193.0,1,0.4,160.4,178.8
2019-09-18,Ireland,181.0,183.0,0,0.4,170.6,181.1
2019-09-18,Netherlands,183.0,181.0,1,0.4,167.1,171.1
2019-09-18,South Africa,149.0,151.0,0,0.7,154.9,143.1
2019-09-18,India,151.0,149.0,1,0.6,155.9,156.2
2019-09-18,Bangladesh,175.0,136.0,1,0.5,158.4,147.1
2019-09-18,Zimbabwe,136.0,175.0,0,0.1,147.4,163.6
2019-09-19,Netherlands,123.0,126.0,0,0.3,164.0,168.4
2019-09-19,Scotland,126.0,123.0,1,0.6,164.3,159.3
2019-09-20,Afghanistan,155.0,156.0,0,0.9,174.0,146.9
2019-09-20,Zimbabwe,156.0,155.0,1,0.2,146.8,162.8
2019-09-20,Ireland,186.0,185.0,1,0.4,173.3,185.2
2019-09-20,Scotland,185.0,186.0,0,0.6,174.6,161.3
2019-09-21,Afghanistan,138.0,139.0,0,0.8,174.3,147.4
2019-09-21,Bangladesh,139.0,138.0,1,0.6,157.9,146.4
2019-09-22,India,134.0,140.0,0,0.5,152.5,153.8
2019-09-22,South Africa,140.0,134.0,1,0.8,159.1,146.6
2019-09-27,Zimbabwe,133.0,132.0,1,0.3,145.0,160.6
2019-09-27,Nepal,132.0,133.0,0,0.6,124.1,131.7
2019-09-28,Singapore,151.0,154.0,0,0.75,156.0,127.0
2019-09-28,Nepal,154.0,151.0,1,0.7,126.3,131.5
2019-09-29,Vanuatu,151.0,134.0,1,0.3,115.4,115.0
2019-09-29,Malaysia,134.0,151.0,0,0.4,133.9,125.5
2019-09-29,Singapore,181.0,177.0,1,0.8,161.0,137.0
2019-09-29,Zimbabwe,177.0,181.0,0,0.3,150.1,162.7
2019-10-01,Zimbabwe,160.0,120.0,1,0.4,152.9,161.2
2019-10-01,Nepal,120.0,160.0,0,0.6,127.2,136.8
2019-10-02,Malaysia,134.0,108.0,1,0.4,135.9,125.0
2019-10-02,Vanuatu,108.0,134.0,0,0.3,113.8,115.9
2019-10-03,Brazil,73.0,75.0,0,0.0,73.0,75.0
2019-10-03,Peru,75.0,73.0,1,1.0,75.0,73.0
2019-10-03,Chile,61.0,96.0,0,0.0,61.0,96.0
2019-10-03,Argentina,47.0,46.0,1,1.0,47.0,46.0
2019-10-03,Brazil,96.0,61.0,1,0.5,84.5,68.0
2019-10-03,Zimbabwe,168.0,167.0,1,0.5,154.7,158.0
2019-10-03,Singapore,167.0,168.0,0,0.6666666666666666,162.0,142.16666666666666
2019-10-03,Vanuatu,145.0,144.0,1,0.3,112.7,121.0
2019-10-03,Malaysia,144.0,145.0,0,0.3,131.7,128.2
2019-10-03,Mexico,46.0,47.0,0,0.25,100.75,110.0
2019-10-04,Chile,104.0,99.0,1,0.5,82.5,97.5
2019-10-04,Mexico,99.0,104.0,0,0.2,100.4,108.8
2019-10-04,Vanuatu,184.0,206.0,0,0.3,127.5,137.0
2019-10-04,Malaysia,206.0,184.0,1,0.3,139.4,133.9
2019-10-04,Argentina,105.0,76.0,1,1.0,76.0,61.0
2019-10-04,Argentina,86.0,85.0,1,1.0,79.33333333333333,69.0
2019-10-04,Peru,85.0,86.0,0,0.5,80.0,79.5
2019-10-04,Brazil,76.0,105.0,0,0.3333333333333333,81.66666666666667,80.33333333333333
2019-10-05,Oman,97.0,96.0,1,0.3,125.7,139.0
2019-10-05,Ireland,169.0,167.0,1,0.5,172.2,183.8
2019-10-05,Netherlands,167.0,169.0,0,0.2,164.0,168.7
2019-10-05,Chile,74.0,102.0,0,0.3333333333333333,79.66666666666667,99.0
2019-10-05,Argentina,102.0,74.0,1,1.0,85.0,70.25
2019-10-05,Hong Kong,96.0,97.0,0,0.2,134.5,127.6
2019-10-05,Peru,93.0,132.0,0,0.3333333333333333,84.33333333333333,97.0
2019-10-05,Brazil,76.0,96.0,0,0.25,80.25,84.25
2019-10-05,Mexico,96.0,76.0,1,0.3333333333333333,99.66666666666667,103.33333333333333
2019-10-05,Chile,93.0,153.0,0,0.25,83.0,112.5
2019-10-05,Peru,153.0,93.0,1,0.5,101.5,96.0
2019-10-05,Pakistan,101.0,165.0,0,0.6,157.4,153.2
2019-10-05,Sri Lanka,165.0,101.0,1,0.3,148.5,153.1
2019-10-05,Mexico,132.0,93.0,1,0.42857142857142855,104.28571428571429,101.85714285714286
2019-10-06,Oman,173.0,130.0,1,0.3,127.3,136.6
2019-10-06,Ireland,130.0,173.0,0,0.4,166.9,182.9
2019-10-06,Hong Kong,125.0,126.0,0,0.2,132.4,125.5
2019-10-06,Nepal,126.0,125.0,1,0.6,129.4,140.3
2019-10-06,Mexico,105.0,111.0,0,0.375,104.375,103.0
2019-10-06,Argentina,111.0,105.0,1,1.0,90.2,77.2
2019-10-07,Pakistan,147.0,182.0,0,0.5,157.4,157.8
2019-10-07,Hong Kong,142.0,208.0,0,0.2,135.4,128.5
2019-10-07,Sri Lanka,182.0,147.0,1,0.4,150.8,151.8
2019-10-07,Nepal,134.0,133.0,1,0.6,129.9,140.8
2019-10-07,Netherlands,133.0,134.0,0,0.2,159.1,163.8
2019-10-07,Ireland,208.0,142.0,1,0.5,174.5,183.5
2019-10-09,Oman,95.0,94.0,1,0.4,130.3,128.0
2019-10-09,Jersey,159.0,179.0,0,0.75,147.125,113.75
2019-10-09,Qatar,179.0,159.0,1,0.6,164.7,162.2
2019-10-09,Netherlands,94.0,95.0,0,0.1,148.6,158.3
2019-10-09,Ireland,145.0,132.0,1,0.6,169.6,168.9
2019-10-09,Pakistan,134.0,147.0,0,0.4,155.8,160.8
2019-10-09,Sri Lanka,147.0,134.0,1,0.4,155.6,155.4
2019-10-09,Nepal,132.0,145.0,0,0.5,125.8,138.6
2019-10-10,Jersey,141.0,142.0,0,0.6666666666666666,146.44444444444446,116.88888888888889
2019-10-10,Qatar,142.0,141.0,1,0.6,165.4,162.9
2019-10-10,Netherlands,185.0,148.0,1,0.2,150.3,155.0
2019-10-10,Hong Kong,148.0,185.0,0,0.2,135.8,131.2
2019-10-10,Nepal,64.0,65.0,0,0.5,120.0,132.7
2019-10-10,Oman,65.0,64.0,1,0.5,122.2,119.6
2019-10-11,Jersey,101.0,102.0,0,0.6,141.9,115.4
2019-10-11,Qatar,102.0,101.0,1,0.6,155.1,157.3
2019-10-14,Bulgaria,161.0,156.0,1,1.0,161.0,156.0
2019-10-14,Serbia,156.0,161.0,0,0.0,156.0,161.0
2019-10-15,Greece,56.0,52.0,1,1.0,56.0,52.0
2019-10-15,Serbia,52.0,56.0,0,0.0,104.0,108.5
2019-10-16,Bulgaria,94.0,97.0,0,0.5,127.5,126.5
2019-10-16,Greece,97.0,94.0,1,1.0,76.5,73.0
2019-10-18,Oman,109.0,108.0,1,0.5,124.2,121.7
2019-10-18,U.A.E.,108.0,109.0,0,0.6,138.3,132.5
2019-10-18,Greece,117.0,135.0,0,0.6666666666666666,90.0,93.66666666666667
2019-10-18,Bulgaria,135.0,117.0,1,0.6666666666666666,130.0,123.33333333333333
2019-10-18,Kenya,136.0,166.0,0,0.6,127.7,127.4
2019-10-18,Netherlands,166.0,136.0,1,0.3,153.3,154.6
2019-10-18,Hong Kong,153.0,155.0,0,0.2,139.5,134.8
2019-10-18,Scotland,166.0,168.0,0,0.6,175.3,157.6
2019-10-18,Singapore,168.0,166.0,1,0.7142857142857143,162.85714285714286,145.57142857142858
2019-10-18,Malta,136.0,148.0,0,0.0,110.33333333333333,151.0
2019-10-18,Czech Rep.,148.0,136.0,1,0.6666666666666666,163.0,122.66666666666667
2019-10-18,Ireland,155.0,153.0,1,0.7,167.3,163.2
2019-10-19,Kenya,139.0,170.0,0,0.6,136.0,128.2
2019-10-19,U.A.E.,129.0,125.0,1,0.7,139.5,133.1
2019-10-19,Ireland,125.0,129.0,0,0.6,166.4,162.9
2019-10-19,Scotland,170.0,139.0,1,0.6,176.2,155.5
2019-10-19,Namibia,96.0,140.0,0,0.875,137.25,99.875
2019-10-19,Nigeria,115.0,184.0,0,0.5,118.5,126.25
2019-10-19,Jersey,184.0,115.0,1,0.6,143.9,114.6
2019-10-19,P.N.G.,90.0,89.0,1,0.9,112.7,94.9
2019-10-19,Bermuda,89.0,90.0,0,0.4444444444444444,103.33333333333333,103.33333333333333
2019-10-19,Netherlands,140.0,96.0,1,0.4,153.5,149.0
2019-10-20,Bermuda,149.0,152.0,0,0.4,107.9,108.2
2019-10-20,Canada,176.0,123.0,1,0.7,144.2,132.3
2019-10-20,Jersey,123.0,176.0,0,0.5,139.1,122.7
2019-10-20,Hong Kong,102.0,106.0,0,0.2,137.0,137.6
2019-10-20,Oman,106.0,102.0,1,0.6,121.5,118.5
2019-10-20,Singapore,152.0,149.0,1,0.75,161.5,146.0
2019-10-20,Czech Rep.,204.0,122.0,1,0.7142857142857143,168.85714285714286,122.57142857142857
2019-10-20,Malta,122.0,204.0,0,0.0,113.25,164.25
2019-10-20,P.N.G.,197.0,116.0,1,1.0,119.6,93.6
2019-10-20,Namibia,116.0,197.0,0,0.7777777777777778,134.88888888888889,110.66666666666667
2019-10-21,Bermuda,93.0,138.0,0,0.4,107.3,112.0
2019-10-21,Kenya,138.0,93.0,1,0.6,134.9,126.0
2019-10-21,Nigeria,109.0,159.0,0,0.4,116.6,132.8
2019-10-21,Canada,159.0,109.0,1,0.7,147.3,130.6
2019-10-21,Oman,148.0,183.0,0,0.6,121.4,121.8
2019-10-21,Scotland,146.0,142.0,1,0.6,168.7,159.1
2019-10-21,U.A.E.,118.0,116.0,1,0.7,136.0,131.5
2019-10-21,Hong Kong,116.0,118.0,0,0.1,131.7,136.5
2019-10-21,P.N.G.,142.0,146.0,0,0.9,121.3,95.8
2019-10-21,Ireland,183.0,148.0,1,0.7,167.6,160.5
2019-10-22,Namibia,159.0,135.0,1,0.8,137.3,113.1
2019-10-22,Scotland,135.0,159.0,0,0.6,166.9,159.6
2019-10-22,Singapore,101.0,104.0,0,0.6666666666666666,154.77777777777777,141.33333333333334
2019-10-22,Netherlands,104.0,101.0,1,0.5,148.9,143.8
2019-10-22,Jersey,147.0,112.0,1,0.5,142.9,123.1
2019-10-22,U.A.E.,112.0,147.0,0,0.7,136.5,135.1
2019-10-23,Kenya,159.0,157.0,1,0.6,132.5,132.6
2019-10-23,Singapore,157.0,159.0,0,0.6,155.0,143.1
2019-10-23,Namibia,111.0,106.0,1,0.8,139.2,114.6
2019-10-23,Bermuda,106.0,111.0,0,0.4,113.8,118.8
2019-10-23,Jersey,136.0,144.0,0,0.4,143.4,126.2
2019-10-23,Hong Kong,144.0,136.0,1,0.2,129.6,131.2
2019-10-23,Nigeria,71.0,72.0,0,0.3333333333333333,109.0,122.66666666666667
2019-10-23,Ireland,146.0,156.0,0,0.6,162.8,156.8
2019-10-23,Canada,156.0,146.0,1,0.8,151.1,131.3
2019-10-23,Oman,72.0,71.0,1,0.7,114.2,113.0
2019-10-24,U.A.E.,112.0,111.0,1,0.8,138.7,135.8
2019-10-24,Hong Kong,150.0,118.0,1,0.3,135.9,134.1
2019-10-24,Canada,118.0,150.0,0,0.8,146.3,129.5
2019-10-24,Scotland,204.0,158.0,1,0.6,169.2,157.4
2019-10-24,Bermuda,158.0,204.0,0,0.4,122.6,132.1
2019-10-24,Netherlands,126.0,127.0,0,0.5,142.1,131.3
2019-10-24,P.N.G.,127.0,126.0,1,0.9,112.4,100.1
2019-10-24,Nigeria,111.0,112.0,0,0.2857142857142857,109.28571428571429,121.14285714285714
2019-10-25,Spain,89.0,87.0,1,0.8333333333333334,132.83333333333334,126.66666666666667
2019-10-25,Portugal,87.0,89.0,0,0.0,87.0,89.0
2019-10-25,P.N.G.,180.0,137.0,1,0.9,124.4,108.2
2019-10-25,Ireland,110.0,105.0,1,0.7,155.7,149.0
2019-10-25,Singapore,137.0,180.0,0,0.5,150.1,145.8
2019-10-25,Kenya,94.0,181.0,0,0.6,131.8,137.7
2019-10-25,Namibia,181.0,94.0,1,0.8,140.6,111.5
2019-10-25,Oman,145.0,144.0,1,0.8,112.1,110.7
2019-10-25,Canada,144.0,145.0,0,0.8,148.2,129.4
2019-10-25,Jersey,105.0,110.0,0,0.3,137.9,129.2
2019-10-26,Portugal,116.0,113.0,1,0.5,101.5,101.0
2019-10-26,Spain,99.0,98.0,1,0.8571428571428571,128.0,122.57142857142857
2019-10-26,Ireland,67.0,66.0,1,0.7,143.8,137.1
2019-10-26,Gibraltar,113.0,116.0,0,0.0,113.0,116.0
2019-10-26,Nigeria,66.0,67.0,0,0.25,103.875,114.375
2019-10-26,Bermuda,114.0,206.0,0,0.3,119.9,139.2
2019-10-26,Singapore,104.0,191.0,0,0.4,150.9,155.7
2019-10-26,Portugal,114.0,143.0,0,0.3333333333333333,105.66666666666667,115.0
2019-10-26,Namibia,191.0,104.0,1,0.8,154.7,117.3
2019-10-26,Netherlands,206.0,114.0,1,0.5,144.4,124.6
2019-10-26,Gibraltar,98.0,99.0,0,0.0,105.5,107.5
2019-10-26,Spain,143.0,114.0,1,0.875,129.875,121.5
2019-10-27,Canada,140.0,154.0,0,0.7,142.6,133.6
2019-10-27,Spain,96.0,95.0,1,0.8888888888888888,126.11111111111111,118.55555555555556
2019-10-27,Gibraltar,95.0,96.0,0,0.0,102.0,103.66666666666667
2019-10-27,Netherlands,131.0,130.0,1,0.6,145.2,125.0
2019-10-27,Scotland,130.0,131.0,0,0.5,170.7,159.4
2019-10-27,Oman,127.0,141.0,0,0.8,113.7,113.3
2019-10-27,Jersey,141.0,127.0,1,0.3,137.1,134.3
2019-10-27,U.A.E.,154.0,140.0,1,0.8,135.9,134.0
2019-10-27,Gibraltar,107.0,110.0,0,0.0,103.25,105.25
2019-10-27,Hong Kong,82.0,81.0,1,0.3,125.8,133.0
2019-10-27,Nigeria,81.0,82.0,0,0.2222222222222222,101.33333333333333,110.77777777777777
2019-10-27,Kenya,73.0,118.0,0,0.6,127.7,134.7
2019-10-27,P.N.G.,118.0,73.0,1,0.9,133.3,107.2
2019-10-27,Sri Lanka,99.0,233.0,0,0.4,149.8,160.0
2019-10-27,Portugal,110.0,107.0,1,0.5,106.75,113.0
2019-10-27,Australia,233.0,99.0,1,0.5,142.4,142.9
2019-10-29,Namibia,161.0,107.0,1,0.8,151.5,118.0
2019-10-29,Oman,107.0,161.0,0,0.7,114.7,119.8
2019-10-29,U.A.E.,80.0,81.0,0,0.7,125.8,125.3
2019-10-29,Netherlands,81.0,80.0,1,0.7,136.6,116.1
2019-10-30,Scotland,198.0,108.0,1,0.5,165.3,150.8
2019-10-30,U.A.E.,108.0,198.0,0,0.6,122.6,131.5
2019-10-30,Oman,134.0,122.0,1,0.7,110.8,119.0
2019-10-30,Hong Kong,122.0,134.0,0,0.3,128.4,136.7
2019-10-30,Sri Lanka,117.0,118.0,0,0.4,147.1,153.9
2019-10-30,Australia,118.0,117.0,1,0.5,142.3,142.9
2019-10-31,Oman,167.0,168.0,0,0.6,118.0,126.4
2019-10-31,Scotland,168.0,167.0,1,0.6,162.8,148.1
2019-11-01,Ireland,137.0,158.0,0,0.6,140.6,136.2
2019-11-01,Namibia,112.0,130.0,0,0.7,138.7,119.4
2019-11-01,Netherlands,158.0,137.0,1,0.8,139.1,116.4
2019-11-01,P.N.G.,130.0,112.0,1,0.9,138.5,110.7
2019-11-01,Sri Lanka,142.0,145.0,0,0.4,144.9,150.4
2019-11-01,England,154.0,153.0,1,0.8,165.8,146.4
2019-11-01,Australia,145.0,142.0,1,0.6,147.9,141.6
2019-11-01,New Zealand,153.0,154.0,0,0.5,162.1,158.7
2019-11-02,Ireland,135.0,108.0,1,0.7,141.1,129.7
2019-11-02,Namibia,108.0,135.0,0,0.6,132.1,123.3
2019-11-02,P.N.G.,128.0,134.0,0,0.8,143.0,116.0
2019-11-02,Netherlands,134.0,128.0,1,0.9,143.1,119.7
2019-11-03,Bangladesh,154.0,148.0,1,0.7,159.0,151.9
2019-11-03,India,148.0,154.0,0,0.5,153.4,147.3
2019-11-03,New Zealand,176.0,155.0,1,0.6,164.4,158.8
2019-11-03,England,155.0,176.0,0,0.7,159.2,144.7
2019-11-05,Australia,151.0,150.0,1,0.7,149.4,141.9
2019-11-05,New Zealand,180.0,166.0,1,0.7,170.5,158.8
2019-11-05,England,166.0,180.0,0,0.7,159.9,146.4
2019-11-05,Pakistan,150.0,151.0,0,0.3,156.0,161.3
2019-11-06,Mozambique,109.0,114.0,0,0.0,109.0,114.0
2019-11-06,Malawi,114.0,109.0,1,1.0,114.0,109.0
2019-11-06,Mozambique,169.0,170.0,0,0.0,139.0,142.0
2019-11-06,Malawi,170.0,169.0,1,1.0,142.0,139.0
2019-11-07,Bangladesh,153.0,154.0,0,0.6,157.2,151.4
2019-11-07,India,154.0,153.0,1,0.5,152.6,146.8
2019-11-07,Mozambique,144.0,145.0,0,0.0,140.66666666666666,143.0
2019-11-07,Malawi,145.0,144.0,1,1.0,143.0,140.66666666666666
2019-11-07,Malawi,142.0,117.0,1,1.0,142.75,134.75
2019-11-07,Mozambique,117.0,142.0,0,0.0,134.75,142.75
2019-11-08,Australia,109.0,106.0,1,0.8,148.6,137.5
2019-11-08,Pakistan,106.0,109.0,0,0.2,151.2,156.9
2019-11-08,England,241.0,165.0,1,0.7,169.1,148.1
2019-11-08,New Zealand,165.0,241.0,0,0.6,169.1,168.5
2019-11-09,Malawi,142.0,127.0,1,1.0,142.6,133.2
2019-11-09,Mozambique,127.0,142.0,0,0.0,133.2,142.6
2019-11-10,India,174.0,144.0,1,0.6,149.2,140.0
2019-11-10,Bangladesh,144.0,174.0,0,0.5,153.2,155.3
2019-11-10,Mozambique,104.0,75.0,1,0.16666666666666666,128.33333333333334,131.33333333333334
2019-11-10,Malawi,75.0,104.0,0,0.8333333333333334,131.33333333333334,128.33333333333334
2019-11-14,West Indies,164.0,134.0,1,0.3,127.4,144.4
2019-11-14,Afghanistan,134.0,164.0,0,0.7,173.2,149.4
2019-11-16,Afghanistan,147.0,106.0,1,0.7,171.9,145.6
2019-11-16,West Indies,106.0,147.0,0,0.2,125.0,146.2
2019-11-17,West Indies,127.0,156.0,0,0.2,120.2,140.7
2019-11-17,Afghanistan,156.0,127.0,1,0.7,171.5,150.4
2019-12-05,Nepal,236.0,95.0,1,0.5,135.0,133.9
2019-12-05,Bhutan,95.0,236.0,0,0.0,95.0,236.0
2019-12-06,Nepal,163.0,79.0,1,0.5,137.0,127.7
2019-12-06,Maldives,79.0,163.0,0,0.125,124.0,144.125
2019-12-06,West Indies,207.0,209.0,0,0.1,121.9,147.6
2019-12-06,India,209.0,207.0,1,0.7,157.5,148.0
2019-12-07,Maldives,118.0,117.0,1,0.2222222222222222,123.33333333333333,141.11111111111111
2019-12-07,Bhutan,117.0,118.0,0,0.0,106.0,177.0
2019-12-08,India,170.0,173.0,0,0.7,155.5,145.9
2019-12-08,West Indies,173.0,170.0,1,0.2,123.2,148.5
2019-12-09,Maldives,94.0,98.0,0,0.2,120.4,136.8
2019-12-09,Nepal,98.0,94.0,1,0.6,135.9,118.0
2019-12-11,India,240.0,173.0,1,0.7,169.7,153.7
2019-12-11,West Indies,173.0,240.0,0,0.2,136.0,154.3
2020-01-07,Sri Lanka,142.0,144.0,0,0.4,145.4,145.0
2020-01-07,India,144.0,142.0,1,0.7,167.4,158.1
2020-01-10,Sri Lanka,123.0,201.0,0,0.4,140.3,147.6
2020-01-10,India,201.0,123.0,1,0.7,172.5,155.8
2020-01-15,Ireland,208.0,204.0,1,0.7,141.1,135.9
2020-01-15,West Indies,204.0,208.0,0,0.2,149.3,167.9
2020-01-19,Ireland,138.0,140.0,0,0.6,140.4,136.7
2020-01-19,West Indies,140.0,138.0,1,0.3,153.8,171.9
2020-01-24,New Zealand,203.0,204.0,0,0.5,167.5,175.0
2020-01-24,India,204.0,203.0,1,0.7,177.8,161.2
2020-01-24,Bangladesh,141.0,142.0,0,0.5,154.4,156.5
2020-01-24,Pakistan,142.0,141.0,1,0.2,148.8,159.1
2020-01-25,Bangladesh,136.0,137.0,0,0.4,146.9,152.7
2020-01-25,Pakistan,137.0,136.0,1,0.3,143.9,153.5
2020-01-26,New Zealand,132.0,135.0,0,0.5,164.9,172.3
2020-01-26,India,135.0,132.0,1,0.8,177.9,160.4
2020-02-02,India,163.0,156.0,1,0.9,179.4,160.6
2020-02-02,New Zealand,156.0,163.0,0,0.4,159.3,167.8
2020-02-12,Uganda,161.0,201.0,0,0.4,137.8,143.2
2020-02-12,South Africa,177.0,176.0,1,0.8,160.8,151.6
2020-02-12,Qatar,201.0,161.0,1,0.7,159.5,157.1
2020-02-12,England,176.0,177.0,0,0.7,166.9,145.7
2020-02-13,Uganda,126.0,154.0,0,0.3333333333333333,135.83333333333334,145.0
2020-02-13,Qatar,154.0,126.0,1,0.8,159.5,154.0
2020-02-14,England,204.0,202.0,1,0.7,168.6,150.2
2020-02-14,South Africa,202.0,204.0,0,0.7,167.5,158.8
2020-02-15,Uganda,134.0,116.0,1,0.42857142857142855,135.57142857142858,140.85714285714286
2020-02-15,Qatar,116.0,134.0,0,0.7,150.5,147.1
2020-02-16,South Africa,222.0,226.0,0,0.6,178.9,172.7
2020-02-16,England,226.0,222.0,1,0.7,175.1,156.4
2020-02-20,Malaysia,123.0,61.0,1,0.4,138.9,127.1
2020-02-20,Hong Kong,61.0,123.0,0,0.3,122.0,136.4
2020-02-21,Australia,196.0,89.0,1,0.9,159.5,135.6
2020-02-21,South Africa,89.0,196.0,0,0.5,168.6,173.7
2020-02-21,Malaysia,138.0,103.0,1,0.5,136.0,120.1
2020-02-21,Hong Kong,103.0,138.0,0,0.3,118.1,129.4
2020-02-23,Malaysia,152.0,144.0,1,0.5,135.0,122.5
2020-02-23,Hong Kong,144.0,152.0,0,0.3,117.7,126.1
2020-02-23,Saudi Arabia,113.0,114.0,0,0.5,135.66666666666666,141.33333333333334
2020-02-23,U.A.E.,62.0,61.0,1,0.6,113.6,123.8
2020-02-23,Iran,61.0,62.0,0,0.0,61.0,62.0
2020-02-23,Australia,146.0,158.0,0,0.8,158.3,134.5
2020-02-23,Maldives,90.0,196.0,0,0.2,119.2,146.1
2020-02-23,Kuwait,114.0,113.0,1,0.5555555555555556,151.0,154.66666666666666
2020-02-23,Oman,84.0,83.0,1,0.6,119.9,128.3
2020-02-23,Bahrain,83.0,84.0,0,0.4,149.2,150.8
2020-02-23,Qatar,196.0,90.0,1,0.8,154.8,137.5
2020-02-23,South Africa,158.0,146.0,1,0.5,165.6,170.2
2020-02-24,Qatar,175.0,141.0,1,0.8,159.9,139.4
2020-02-24,Iran,72.0,73.0,0,0.0,66.5,67.5
2020-02-24,Oman,141.0,175.0,0,0.5,123.1,135.0
2020-02-24,Hong Kong,154.0,167.0,0,0.3,117.8,127.3
2020-02-24,Saudi Arabia,73.0,72.0,1,0.5714285714285714,126.71428571428571,131.42857142857142
2020-02-24,Kuwait,139.0,186.0,0,0.5,149.8,157.8
2020-02-24,U.A.E.,186.0,139.0,1,0.6,116.9,122.7
2020-02-24,Maldives,121.0,186.0,0,0.2,117.2,150.5
2020-02-24,Bahrain,186.0,121.0,1,0.5,155.33333333333334,145.83333333333334
2020-02-24,Malaysia,167.0,154.0,1,0.6,143.4,129.3
2020-02-25,Iran,108.0,109.0,0,0.0,80.33333333333333,81.33333333333333
2020-02-25,Bahrain,109.0,106.0,1,0.5714285714285714,148.71428571428572,140.14285714285714
2020-02-25,Kuwait,109.0,108.0,1,0.5,150.4,158.4
2020-02-25,Saudi Arabia,138.0,150.0,0,0.5,128.125,133.75
2020-02-25,Oman,132.0,129.0,1,0.5,125.7,137.7
2020-02-25,U.A.E.,150.0,138.0,1,0.7,121.1,125.6
2020-02-25,Qatar,106.0,109.0,0,0.8,151.8,130.6
2020-02-25,Maldives,129.0,132.0,0,0.2,116.2,149.7
2020-02-26,Hong Kong,171.0,176.0,0,0.3,124.7,134.3
2020-02-26,Malaysia,176.0,171.0,1,0.7,151.8,136.8
2020-02-26,Kuwait,210.0,123.0,1,0.5,152.5,151.9
2020-02-26,Bahrain,123.0,210.0,0,0.5,145.5,148.875
2020-02-26,U.A.E.,122.0,94.0,1,0.7,120.4,122.5
2020-02-26,Qatar,94.0,122.0,0,0.7,146.5,128.4
2020-02-26,Australia,193.0,96.0,1,0.9,161.2,127.3
2020-02-26,South Africa,96.0,193.0,0,0.5,161.1,172.7
2020-02-27,U.A.E.,199.0,97.0,1,0.7,128.5,120.6
2020-02-27,Kuwait,97.0,199.0,0,0.5,148.7,158.1
2020-02-29,Malaysia,154.0,132.0,1,0.8,152.8,135.3
2020-02-29,Nepal,132.0,154.0,0,0.6,135.9,120.1
2020-02-29,Singapore,139.0,96.0,1,0.4,145.7,154.4
2020-02-29,Thailand,96.0,139.0,0,0.2,124.0,133.2
2020-03-01,Thailand,85.0,86.0,0,0.16666666666666666,117.5,125.33333333333333
2020-03-01,Malaysia,86.0,85.0,1,0.9,148.0,128.7
2020-03-01,Hong Kong,154.0,111.0,1,0.4,128.5,133.6
2020-03-01,Nepal,111.0,154.0,0,0.5,131.6,120.4
2020-03-03,Hong Kong,78.0,77.0,1,0.4,121.9,127.7
2020-03-03,Thailand,77.0,78.0,0,0.14285714285714285,111.71428571428571,118.57142857142857
2020-03-03,Singapore,239.0,111.0,1,0.5,154.5,150.1
2020-03-03,Malaysia,111.0,239.0,0,0.8,145.7,141.8
2020-03-04,Thailand,66.0,72.0,0,0.125,106.0,112.75
2020-03-04,Nepal,72.0,66.0,1,0.6,126.8,111.0
2020-03-04,Singapore,168.0,152.0,1,0.5,153.2,147.6
2020-03-04,Hong Kong,152.0,168.0,0,0.3,122.1,132.7
2020-03-04,West Indies,196.0,171.0,1,0.4,163.6,172.3
2020-03-04,Sri Lanka,171.0,196.0,0,0.4,141.3,150.7
2020-03-06,West Indies,158.0,155.0,1,0.5,164.8,172.8
2020-03-06,Afghanistan,133.0,172.0,1,0.7,171.2,154.4
2020-03-06,Sri Lanka,155.0,158.0,0,0.3,144.3,157.7
2020-03-06,Hong Kong,133.0,132.0,1,0.3,127.2,137.8
2020-03-06,Malaysia,132.0,133.0,0,0.8,144.5,140.6
2020-03-06,Ireland,172.0,133.0,0,0.5,142.1,134.7
2020-03-08,Germany,180.0,122.0,1,0.7,122.5,116.3
2020-03-08,Spain,122.0,180.0,0,0.8,125.7,124.7
2020-03-08,Afghanistan,184.0,163.0,1,0.7,161.8,151.3
2020-03-08,Ireland,163.0,184.0,0,0.5,145.9,140.2
2020-03-08,Germany,139.0,142.0,0,0.6,123.6,118.6
2020-03-08,Spain,142.0,139.0,1,0.8,130.0,128.8
2020-03-09,Zimbabwe,152.0,200.0,0,0.5,156.7,164.6
2020-03-09,Bangladesh,200.0,152.0,1,0.5,152.9,148.9
2020-03-11,Zimbabwe,119.0,120.0,0,0.4,151.4,159.5
2020-03-11,Bangladesh,120.0,119.0,1,0.5,150.1,146.4
2020-08-21,Isle of Man,100.0,101.0,0,0.0,100.0,101.0
2020-08-21,Guernsey,101.0,100.0,1,0.375,108.5,123.75
2020-08-28,Luxembourg,164.0,89.0,1,0.4,113.8,126.6
2020-08-28,Czech Rep.,89.0,164.0,0,0.625,158.875,127.75
2020-08-29,Luxembourg,112.0,115.0,0,0.3333333333333333,113.5,124.66666666666667
2020-08-29,Czech Rep.,115.0,112.0,1,0.6666666666666666,154.0,126.0
2020-08-29,Czech Rep.,151.0,197.0,0,0.6,153.7,133.1
2020-08-29,Luxembourg,128.0,165.0,0,0.2857142857142857,115.57142857142857,130.42857142857142
2020-08-29,Belgium,165.0,128.0,1,0.25,126.0,135.0
2020-08-29,Belgium,197.0,151.0,1,0.4,140.2,138.2
2020-08-30,Belgium,161.0,74.0,1,0.5,143.66666666666666,127.5
2020-08-30,Czech Rep.,74.0,161.0,0,0.5,133.3,147.1
2020-08-30,Belgium,184.0,135.0,1,0.5714285714285714,149.42857142857142,128.57142857142858
2020-08-30,Luxembourg,135.0,184.0,0,0.25,118.0,137.125
2020-08-30,Pakistan,195.0,199.0,0,0.3,145.3,154.6
2020-08-30,England,199.0,195.0,1,0.7,176.8,171.4
2020-09-01,England,185.0,190.0,0,0.6,188.1,183.3
2020-09-01,Pakistan,190.0,185.0,1,0.3,147.5,159.0
2020-09-04,England,162.0,160.0,1,0.6,186.8,182.0
2020-09-04,Australia,160.0,162.0,0,0.8,164.5,130.9
2020-09-06,Australia,157.0,158.0,0,0.7,160.8,127.7
2020-09-06,England,158.0,157.0,1,0.6,187.2,182.4
2020-09-08,England,145.0,146.0,0,0.6,186.2,179.4
2020-09-08,Australia,146.0,145.0,1,0.7,152.1,132.3
2020-09-23,Bulgaria,184.0,185.0,0,0.5,143.5,138.75
2020-09-23,Malta,185.0,184.0,1,0.2,127.6,168.2
2020-09-23,Malta,216.0,159.0,1,0.3333333333333333,142.33333333333334,166.66666666666666
2020-09-23,Bulgaria,159.0,216.0,0,0.4,146.6,154.2
2020-10-16,Bulgaria,128.0,95.0,1,0.5,143.5,144.33333333333334
2020-10-16,Romania,95.0,128.0,0,0.6,140.4,106.0
2020-10-17,Romania,209.0,175.0,1,0.6666666666666666,151.83333333333334,117.5
2020-10-17,Bulgaria,175.0,209.0,0,0.42857142857142855,148.0,153.57142857142858
2020-10-17,Romania,148.0,96.0,1,0.7142857142857143,151.28571428571428,114.42857142857143
2020-10-17,Bulgaria,96.0,148.0,0,0.375,141.5,152.875
2020-10-18,Bulgaria,60.0,61.0,0,0.3333333333333333,132.44444444444446,142.66666666666666
2020-10-18,Romania,61.0,60.0,1,0.75,140.0,107.625
2020-11-07,Zimbabwe,156.0,157.0,0,0.4,152.6,160.4
2020-11-07,Pakistan,157.0,156.0,1,0.4,145.9,157.1
2020-11-08,Zimbabwe,134.0,137.0,0,0.4,149.1,154.4
2020-11-08,Pakistan,137.0,134.0,1,0.5,149.5,154.0
2020-11-10,Zimbabwe,129.0,130.0,0,0.4,148.4,149.9
2020-11-10,Pakistan,130.0,129.0,1,0.6,147.8,148.7
2020-11-27,South Africa,179.0,183.0,0,0.4,161.0,174.6
2020-11-27,England,183.0,179.0,1,0.7,187.9,179.3
2020-11-27,West Indies,180.0,179.0,0,0.4,166.4,177.3
2020-11-27,New Zealand,179.0,180.0,1,0.4,159.7,168.4
2020-11-29,England,147.0,146.0,1,0.7,178.5,177.4
2020-11-29,South Africa,146.0,147.0,0,0.3,155.8,175.6
2020-11-29,New Zealand,238.0,166.0,1,0.4,167.0,168.9
2020-11-29,West Indies,166.0,238.0,0,0.4,172.4,186.4
2020-12-01,South Africa,191.0,192.0,0,0.3,160.0,179.7
2020-12-01,England,192.0,191.0,1,0.8,180.1,178.8
2020-12-04,India,161.0,150.0,1,0.9,180.1,160.3
2020-12-04,Australia,150.0,161.0,0,0.6,155.3,136.7
2020-12-06,India,195.0,194.0,1,0.9,182.2,165.3
2020-12-06,Australia,194.0,195.0,0,0.5,160.2,142.0
2020-12-08,Australia,186.0,174.0,1,0.5,163.7,144.4
2020-12-08,India,174.0,186.0,0,0.8,178.7,163.2
2020-12-18,Pakistan,153.0,156.0,0,0.6,149.7,149.6
2020-12-18,New Zealand,156.0,153.0,1,0.5,173.8,171.7
2020-12-20,Pakistan,163.0,164.0,0,0.6,151.0,150.9
2020-12-20,New Zealand,164.0,163.0,1,0.6,174.9,172.6
2020-12-22,Pakistan,177.0,173.0,1,0.7,158.1,157.3
2020-12-22,New Zealand,173.0,177.0,0,0.5,174.6,174.8
2021-02-11,South Africa,166.0,169.0,0,0.2,162.6,183.2
2021-02-11,Pakistan,169.0,166.0,1,0.7,160.8,159.8
2021-02-13,Pakistan,144.0,145.0,0,0.6,161.5,160.7
2021-02-13,South Africa,145.0,144.0,1,0.2,159.4,180.0
2021-02-14,South Africa,164.0,169.0,0,0.2,155.6,176.5
2021-02-14,Pakistan,169.0,164.0,1,0.7,158.9,157.2
2021-02-22,New Zealand,184.0,131.0,1,0.5,175.0,171.3
2021-02-22,Australia,131.0,184.0,0,0.4,165.9,152.2
2021-02-25,New Zealand,219.0,215.0,1,0.6,180.4,168.7
2021-02-25,Australia,215.0,219.0,0,0.3,167.8,165.2
2021-03-03,New Zealand,144.0,208.0,0,0.6,174.5,169.1
2021-03-03,Australia,208.0,144.0,1,0.4,174.0,163.8
2021-03-03,Sri Lanka,131.0,134.0,0,0.2,140.9,161.0
2021-03-03,West Indies,134.0,131.0,1,0.5,173.1,183.9
2021-03-05,West Indies,117.0,160.0,0,0.5,164.1,179.0
2021-03-05,Australia,156.0,106.0,1,0.4,170.3,164.8
2021-03-05,New Zealand,106.0,156.0,0,0.6,171.9,171.2
2021-03-05,Sri Lanka,160.0,117.0,1,0.2,138.7,158.0
2021-03-07,West Indies,134.0,131.0,1,0.5,160.2,175.1
2021-03-07,Sri Lanka,131.0,134.0,0,0.1,137.1,158.0
2021-03-07,Australia,142.0,143.0,0,0.4,168.5,162.9
2021-03-07,New Zealand,143.0,142.0,1,0.7,170.6,169.1
2021-03-12,India,124.0,130.0,0,0.8,174.1,158.9
2021-03-12,England,130.0,124.0,1,0.8,172.7,171.0
2021-03-14,England,164.0,166.0,0,0.7,166.5,165.4
2021-03-14,India,166.0,164.0,1,0.8,166.7,158.0
2021-03-16,India,156.0,158.0,0,0.7,167.9,159.6
2021-03-16,England,158.0,156.0,1,0.7,162.4,161.5
2021-03-17,Zimbabwe,150.0,198.0,0,0.3,147.8,154.2
2021-03-17,Afghanistan,198.0,150.0,1,0.7,160.6,148.5
2021-03-18,India,185.0,177.0,1,0.7,166.3,165.0
2021-03-18,England,177.0,185.0,0,0.7,161.6,161.0
2021-03-19,Afghanistan,193.0,148.0,1,0.7,160.2,146.4
2021-03-19,Zimbabwe,148.0,193.0,0,0.2,149.3,160.3
2021-03-20,India,224.0,188.0,1,0.7,168.3,163.5
2021-03-20,England,188.0,224.0,0,0.6,164.2,167.4
2021-03-20,Afghanistan,183.0,136.0,1,0.7,162.1,146.1
2021-03-20,Zimbabwe,136.0,183.0,0,0.2,145.2,160.5
2021-03-28,Bangladesh,144.0,210.0,0,0.5,150.6,151.0
2021-03-28,New Zealand,210.0,144.0,1,0.7,173.7,165.5
2021-03-30,New Zealand,173.0,142.0,1,0.7,167.2,163.1
2021-03-30,Bangladesh,142.0,173.0,0,0.4,147.3,154.7
2021-04-01,New Zealand,141.0,76.0,1,0.7,165.7,155.4
2021-04-01,Bangladesh,76.0,141.0,0,0.3,141.0,155.0
2021-04-03,Uganda,134.0,135.0,0,0.375,135.375,140.125
2021-04-03,Namibia,135.0,134.0,1,0.6,137.0,128.2
2021-04-05,Namibia,189.0,124.0,1,0.7,146.3,126.6
2021-04-05,Uganda,124.0,189.0,0,0.3333333333333333,134.11111111111111,145.55555555555554
2021-04-05,Namibia,134.0,65.0,1,0.8,148.1,113.4
2021-04-05,Uganda,65.0,134.0,0,0.3,127.2,144.4
2021-04-10,South Africa,188.0,189.0,0,0.2,152.2,172.8
2021-04-10,Pakistan,189.0,188.0,1,0.7,158.8,157.5
2021-04-12,Pakistan,140.0,141.0,0,0.6,157.1,156.0
2021-04-12,South Africa,141.0,140.0,1,0.3,157.4,167.2
2021-04-14,South Africa,203.0,205.0,0,0.2,161.9,173.1
2021-04-14,Pakistan,205.0,203.0,1,0.6,163.9,162.9
2021-04-16,Pakistan,149.0,144.0,1,0.6,165.8,164.4
2021-04-16,South Africa,144.0,149.0,0,0.2,166.7,168.7
2021-04-17,Nepal,141.0,136.0,1,0.6,128.3,112.1
2021-04-17,Netherlands,136.0,141.0,0,0.8,138.2,119.0
2021-04-18,Netherlands,191.0,176.0,1,0.8,140.7,123.0
2021-04-18,Malaysia,176.0,191.0,0,0.7,141.5,141.3
2021-04-19,Malaysia,109.0,113.0,0,0.6,140.1,146.5
2021-04-19,Nepal,113.0,109.0,1,0.6,126.2,109.7
2021-04-20,Nepal,206.0,209.0,0,0.6,133.6,116.1
2021-04-20,Netherlands,209.0,206.0,1,0.8,147.6,134.0
2021-04-21,Pakistan,149.0,138.0,1,0.7,165.4,162.6
2021-04-21,Zimbabwe,138.0,149.0,0,0.1,143.0,163.4
2021-04-22,Malaysia,148.0,217.0,0,0.5,141.1,157.9
2021-04-22,Nepal,217.0,148.0,1,0.7,148.9,124.4
2021-04-23,Zimbabwe,118.0,99.0,1,0.1,138.0,156.6
2021-04-23,Pakistan,99.0,118.0,0,0.7,159.0,158.0
2021-04-24,Nepal,238.0,96.0,1,0.7,149.1,124.5
2021-04-24,Netherlands,96.0,238.0,0,0.7,146.8,147.7
2021-04-25,Pakistan,165.0,141.0,1,0.7,157.8,154.8
2021-04-25,Zimbabwe,141.0,165.0,0,0.1,136.9,153.1
2021-05-21,Austria,59.0,143.0,1,0.8333333333333334,126.0,117.33333333333333
2021-05-21,Luxembourg,143.0,59.0,0,0.2222222222222222,120.77777777777777,128.44444444444446
2021-05-21,Luxembourg,126.0,127.0,0,0.2,121.3,128.3
2021-05-21,Czech Rep.,127.0,126.0,1,0.6,133.5,147.1
2021-05-22,Czech Rep.,161.0,165.0,0,0.5,138.0,152.1
2021-05-22,Luxembourg,165.0,161.0,1,0.2,134.9,141.6
2021-05-22,Austria,162.0,84.0,1,0.8571428571428571,131.14285714285714,112.57142857142857
2021-05-22,Czech Rep.,84.0,162.0,0,0.5,130.1,149.0
2021-05-23,Czech Rep.,156.0,161.0,0,0.4,130.9,150.6
2021-05-23,Austria,161.0,156.0,1,0.875,134.875,118.0
2021-05-23,Austria,179.0,180.0,0,0.7777777777777778,139.77777777777777,124.88888888888889
2021-05-23,Luxembourg,180.0,179.0,1,0.3,140.2,146.6
2021-06-23,Sri Lanka,129.0,130.0,0,0.1,140.1,147.7
2021-06-23,England,130.0,129.0,1,0.6,161.4,164.6
2021-06-24,Romania,159.0,157.0,1,0.7777777777777778,142.11111111111111,113.11111111111111
2021-06-24,Serbia,147.0,208.0,0,0.0,118.33333333333333,141.66666666666666
2021-06-24,Greece,157.0,159.0,0,0.5,106.75,110.0
2021-06-24,England,108.0,111.0,1,0.7,157.7,161.1
2021-06-24,Sri Lanka,111.0,108.0,0,0.1,139.5,146.7
2021-06-24,Bulgaria,208.0,147.0,1,0.4,140.0,143.1
2021-06-25,Greece,147.0,144.0,1,0.6,114.8,116.8
2021-06-25,Serbia,144.0,147.0,0,0.0,124.75,143.0
2021-06-25,Serbia,100.0,191.0,0,0.0,119.8,152.6
2021-06-25,Bulgaria,157.0,161.0,0,0.3,139.6,143.6
2021-06-25,Romania,161.0,157.0,1,0.8,144.0,117.5
2021-06-25,Romania,191.0,100.0,1,0.8,149.4,116.9
2021-06-26,West Indies,161.0,160.0,1,0.6,159.0,167.1
2021-06-26,Bulgaria,197.0,133.0,1,0.4,149.9,147.2
2021-06-26,Greece,133.0,197.0,0,0.5,117.83333333333333,130.16666666666666
2021-06-26,Serbia,115.0,116.0,0,0.0,119.0,146.5
2021-06-26,Romania,116.0,115.0,1,0.8,138.4,123.1
2021-06-26,England,180.0,91.0,1,0.7,157.4,152.3
2021-06-26,Sri Lanka,91.0,180.0,0,0.1,134.4,150.2
2021-06-26,South Africa,160.0,161.0,0,0.2,164.8,166.5
2021-06-27,Romania,119.0,115.0,1,0.8,137.4,121.9
2021-06-27,South Africa,166.0,150.0,1,0.3,166.8,166.8
2021-06-27,Bulgaria,115.0,119.0,0,0.3,147.9,147.4
2021-06-27,West Indies,150.0,166.0,0,0.6,153.6,162.9
2021-06-29,West Indies,166.0,167.0,0,0.5,156.2,165.8
2021-06-29,South Africa,167.0,166.0,1,0.4,164.4,164.2
2021-07-01,West Indies,167.0,146.0,1,0.5,153.3,163.3
2021-07-01,South Africa,146.0,167.0,0,0.4,162.4,164.0
2021-07-03,South Africa,168.0,143.0,1,0.4,164.7,163.9
2021-07-03,West Indies,143.0,168.0,0,0.4,151.8,164.6
2021-07-08,Belgium,99.0,103.0,0,0.5,143.125,125.375
2021-07-08,Malta,103.0,99.0,1,0.42857142857142855,136.71428571428572,157.0
2021-07-08,Malta,50.0,52.0,0,0.375,125.875,143.875
2021-07-08,Belgium,52.0,50.0,1,0.5555555555555556,133.0,117.0
2021-07-09,Malta,114.0,115.0,0,0.3333333333333333,124.55555555555556,140.66666666666666
2021-07-09,Belgium,115.0,114.0,1,0.6,131.2,116.7
2021-07-09,West Indies,145.0,127.0,1,0.5,148.3,159.4
2021-07-09,Australia,127.0,145.0,0,0.4,165.5,161.6
2021-07-10,Belgium,128.0,130.0,0,0.6,135.3,114.8
2021-07-10,Malta,133.0,172.0,0,0.3,125.4,143.8
2021-07-10,Malta,130.0,128.0,1,0.4,128.6,146.7
2021-07-10,Australia,140.0,196.0,0,0.3,164.9,166.7
2021-07-10,West Indies,196.0,140.0,1,0.6,151.3,149.6
2021-07-10,Belgium,172.0,133.0,1,0.7,140.6,115.3
2021-07-12,Australia,141.0,142.0,0,0.3,164.0,164.8
2021-07-12,West Indies,142.0,141.0,1,0.6,152.1,150.6
2021-07-14,Australia,189.0,185.0,1,0.4,163.5,163.8
2021-07-14,West Indies,185.0,189.0,0,0.6,158.9,153.5
2021-07-16,West Indies,199.0,183.0,1,0.6,165.4,158.7
2021-07-16,Australia,183.0,199.0,0,0.3,163.2,166.3
2021-07-16,Pakistan,232.0,201.0,1,0.7,164.1,158.3
2021-07-16,England,201.0,232.0,0,0.6,162.8,160.9
2021-07-18,England,200.0,155.0,1,0.6,163.6,157.3
2021-07-18,Pakistan,155.0,200.0,0,0.7,165.2,163.8
2021-07-19,South Africa,165.0,132.0,1,0.5,164.8,160.2
2021-07-19,Ireland,132.0,165.0,0,0.4,140.8,141.9
2021-07-20,Pakistan,154.0,155.0,0,0.6,163.7,162.9
2021-07-20,England,155.0,154.0,1,0.6,166.1,160.3
2021-07-22,Ireland,117.0,159.0,0,0.4,137.9,142.2
2021-07-22,Zimbabwe,152.0,153.0,0,0.1,140.2,156.4
2021-07-22,Bangladesh,153.0,152.0,1,0.3,140.9,155.4
2021-07-22,South Africa,159.0,117.0,1,0.6,161.9,153.0
2021-07-23,Bangladesh,143.0,166.0,0,0.3,139.9,156.6
2021-07-23,Zimbabwe,166.0,143.0,1,0.2,141.2,155.0
2021-07-24,Austria,195.0,196.0,0,0.7,145.3,132.0
2021-07-24,Belgium,196.0,195.0,1,0.8,146.9,121.3
2021-07-24,Belgium,146.0,37.0,1,0.8,145.0,112.2
2021-07-24,Austria,37.0,146.0,0,0.7,138.4,132.9
2021-07-24,South Africa,189.0,140.0,1,0.6,166.7,153.0
2021-07-24,Ireland,140.0,189.0,0,0.3,140.9,150.6
2021-07-25,Belgium,103.0,104.0,0,0.7,135.6,107.5
2021-07-25,Austria,104.0,103.0,1,0.7,136.2,130.7
2021-07-25,India,164.0,126.0,1,0.7,171.2,162.9
2021-07-25,Sri Lanka,126.0,164.0,0,0.1,132.8,152.2
2021-07-25,Zimbabwe,193.0,194.0,0,0.2,147.1,160.7
2021-07-25,Bangladesh,194.0,193.0,1,0.4,144.9,158.5
2021-07-28,India,132.0,133.0,0,0.6,168.1,160.6
2021-07-28,Sri Lanka,133.0,132.0,1,0.2,133.8,145.3
2021-07-29,Sri Lanka,82.0,81.0,1,0.3,124.9,133.8
2021-07-29,India,81.0,82.0,0,0.5,160.1,153.8
2021-07-31,Pakistan,157.0,150.0,1,0.6,160.5,159.1
2021-07-31,West Indies,150.0,157.0,0,0.5,164.3,158.4
2021-08-03,Bangladesh,131.0,108.0,1,0.5,143.9,155.1
2021-08-03,Australia,108.0,131.0,0,0.3,160.9,161.0
2021-08-04,Australia,121.0,123.0,0,0.3,151.5,151.4
2021-08-04,Bangladesh,123.0,121.0,1,0.6,142.6,153.5
2021-08-05,Germany,80.0,76.0,1,0.6,118.1,112.9
2021-08-05,Norway,76.0,80.0,0,0.0,99.33333333333333,110.5
2021-08-05,Norway,112.0,113.0,0,0.0,101.14285714285714,110.85714285714286
2021-08-05,France,113.0,112.0,1,1.0,113.0,112.0
2021-08-06,France,94.0,97.0,0,0.5,103.5,104.5
2021-08-06,Germany,97.0,94.0,1,0.7,122.5,116.6
2021-08-06,Bangladesh,127.0,117.0,1,0.6,135.3,150.0
2021-08-06,Australia,117.0,127.0,0,0.2,142.4,149.7
2021-08-07,Norway,131.0,128.0,1,0.125,104.875,113.0
2021-08-07,Australia,105.0,104.0,1,0.2,137.3,149.5
2021-08-07,France,128.0,131.0,0,0.3333333333333333,111.66666666666667,113.33333333333333
2021-08-07,France,116.0,164.0,0,0.25,112.75,126.0
2021-08-07,Germany,164.0,116.0,1,0.8,125.9,114.7
2021-08-07,Bangladesh,104.0,105.0,0,0.5,133.7,148.6
2021-08-08,Germany,96.0,127.0,1,0.8,123.7,115.7
2021-08-08,Norway,127.0,96.0,0,0.1111111111111111,107.33333333333333,111.11111111111111
2021-08-08,Norway,185.0,134.0,1,0.2,115.1,113.4
2021-08-08,Germany,134.0,185.0,0,0.8,123.7,120.4
2021-08-09,Bangladesh,122.0,62.0,1,0.6,131.5,133.8
2021-08-09,Australia,62.0,122.0,0,0.2,129.3,147.4
2021-08-14,Denmark,111.0,103.0,1,0.625,123.125,110.875
2021-08-14,Sweden,103.0,111.0,0,0.0,103.0,111.0
2021-08-14,Denmark,135.0,137.0,0,0.5555555555555556,124.44444444444444,113.77777777777777
2021-08-14,Sweden,137.0,135.0,1,0.5,120.0,123.0
2021-08-15,Denmark,126.0,122.0,1,0.6,124.6,114.6
2021-08-15,Sweden,122.0,126.0,0,0.3333333333333333,120.66666666666667,124.0
2021-08-18,Ghana,164.0,165.0,0,0.0,112.6,130.0
2021-08-18,Rwanda,165.0,164.0,1,1.0,165.0,164.0
2021-08-18,Rwanda,139.0,143.0,0,0.5,152.0,153.5
2021-08-18,Ghana,143.0,139.0,1,0.16666666666666666,117.66666666666667,131.5
2021-08-19,Malta,146.0,147.0,0,0.4,133.5,140.8
2021-08-19,Portugal,147.0,146.0,1,0.6,114.8,119.6
2021-08-20,Ghana,79.0,136.0,0,0.14285714285714285,112.14285714285714,132.14285714285714
2021-08-20,Rwanda,30.0,166.0,0,0.3333333333333333,111.33333333333333,157.66666666666666
2021-08-20,Ghana,166.0,30.0,1,0.25,118.875,119.375
2021-08-20,Rwanda,136.0,79.0,1,0.5,117.5,138.0
2021-08-20,Gibraltar,148.0,149.0,0,0.0,112.2,114.0
2021-08-20,Malta,149.0,148.0,1,0.5,134.8,140.8
2021-08-21,Gibraltar,193.0,197.0,0,0.0,125.66666666666667,127.83333333333333
2021-08-21,Sweden,135.0,139.0,0,0.25,124.25,127.75
2021-08-21,Finland,139.0,135.0,1,0.3333333333333333,136.5,129.83333333333334
2021-08-21,Portugal,217.0,121.0,1,0.6666666666666666,131.83333333333334,119.83333333333333
2021-08-21,Gibraltar,121.0,217.0,0,0.0,125.0,140.57142857142858
2021-08-21,Rwanda,147.0,148.0,0,0.4,123.4,140.0
2021-08-21,Ghana,148.0,147.0,1,0.3333333333333333,122.11111111111111,122.44444444444444
2021-08-21,Sweden,141.0,142.0,0,0.2,127.6,130.6
2021-08-21,Finland,142.0,141.0,1,0.42857142857142855,137.28571428571428,131.42857142857142
2021-08-21,Malta,197.0,193.0,1,0.6,142.3,139.7
2021-08-22,Finland,141.0,113.0,0,0.375,137.75,129.125
2021-08-22,Sweden,146.0,145.0,1,0.3333333333333333,130.66666666666666,133.0
2021-08-22,Sweden,113.0,141.0,1,0.42857142857142855,128.14285714285714,134.14285714285714
2021-08-22,Finland,145.0,146.0,0,0.3333333333333333,138.55555555555554,131.0
2021-08-22,Gibraltar,108.0,218.0,0,0.0,122.875,150.25
2021-08-22,Portugal,218.0,108.0,1,0.7142857142857143,144.14285714285714,118.14285714285714
2021-08-22,Portugal,136.0,132.0,1,0.75,143.125,119.875
2021-08-22,Malta,132.0,136.0,0,0.5,137.0,134.9
2021-08-27,Zimbabwe,117.0,114.0,1,0.3,145.9,159.1
2021-08-27,Ireland,114.0,117.0,0,0.2,145.6,155.7
2021-08-29,Zimbabwe,152.0,153.0,0,0.3,146.1,154.6
2021-08-29,Ireland,153.0,152.0,1,0.3,147.2,155.1
2021-09-01,Ireland,178.0,138.0,1,0.3,151.5,158.1
2021-09-01,Zimbabwe,138.0,178.0,0,0.3,145.1,153.1
2021-09-01,New Zealand,60.0,62.0,0,0.6,155.3,145.3
2021-09-01,Bangladesh,62.0,60.0,1,0.7,123.5,122.5
2021-09-02,Bulgaria,125.0,187.0,0,0.3,142.0,147.6
2021-09-02,Luxembourg,131.0,128.0,1,0.4,142.9,135.5
2021-09-02,Malta,128.0,131.0,0,0.4,128.2,132.1
2021-09-02,Luxembourg,187.0,125.0,1,0.5,147.1,133.2
2021-09-02,Hungary,165.0,160.0,1,1.0,165.0,160.0
2021-09-02,Zimbabwe,110.0,174.0,0,0.3,142.5,152.2
2021-09-02,Ireland,174.0,110.0,1,0.3,148.1,148.7
2021-09-02,Czech Rep.,160.0,165.0,0,0.3,132.1,153.5
2021-09-03,Hungary,187.0,195.0,0,0.5,176.0,177.5
2021-09-03,Romania,195.0,187.0,1,0.9,145.4,129.0
2021-09-03,Bangladesh,141.0,137.0,1,0.8,130.0,122.1
2021-09-03,New Zealand,137.0,141.0,0,0.6,151.7,141.7
2021-09-03,Bulgaria,112.0,113.0,0,0.3,137.3,137.3
2021-09-03,Czech Rep.,176.0,211.0,0,0.2,129.3,162.4
2021-09-03,Romania,211.0,176.0,1,1.0,157.0,133.8
2021-09-03,Malta,113.0,112.0,1,0.4,129.2,133.4
2021-09-04,Zimbabwe,124.0,119.0,1,0.4,141.1,149.2
2021-09-04,Bulgaria,137.0,141.0,0,0.2,138.2,141.9
2021-09-04,Czech Rep.,141.0,137.0,1,0.3,134.5,159.7
2021-09-04,Luxembourg,179.0,177.0,1,0.5,148.6,142.0
2021-09-04,Hungary,177.0,179.0,0,0.3333333333333333,176.33333333333334,178.0
2021-09-04,Romania,202.0,166.0,1,1.0,156.3,132.9
2021-09-04,Malta,166.0,202.0,0,0.4,140.8,148.4
2021-09-04,Ireland,119.0,124.0,0,0.3,146.2,147.1
2021-09-05,Malta,170.0,171.0,0,0.4,146.4,154.0
2021-09-05,Hungary,171.0,170.0,1,0.5,175.0,176.0
2021-09-05,Bangladesh,76.0,128.0,0,0.7,122.3,119.7
2021-09-05,New Zealand,128.0,76.0,1,0.6,146.1,136.2
2021-09-05,Luxembourg,123.0,156.0,0,0.5,149.7,146.1
2021-09-05,Romania,156.0,123.0,1,1.0,157.1,135.6
2021-09-08,New Zealand,93.0,96.0,0,0.5,133.5,124.3
2021-09-08,Bangladesh,96.0,93.0,1,0.8,117.6,112.4
2021-09-10,South Africa,163.0,135.0,1,0.7,162.7,146.0
2021-09-10,Sri Lanka,135.0,163.0,0,0.3,122.9,134.3
2021-09-10,Kenya,151.0,129.0,1,0.6,128.2,135.1
2021-09-10,Uganda,129.0,151.0,0,0.2,125.9,150.5
2021-09-10,New Zealand,161.0,134.0,1,0.6,135.2,116.9
2021-09-10,Bangladesh,134.0,161.0,0,0.7,111.6,109.2
2021-09-10,Spain,128.0,132.0,0,0.7,122.2,132.3
2021-09-10,Germany,132.0,128.0,1,0.8,125.9,122.3
2021-09-11,Spain,120.0,119.0,1,0.7,120.1,130.7
2021-09-11,Nigeria,96.0,152.0,0,0.2,100.8,114.9
2021-09-11,Uganda,152.0,96.0,1,0.3,128.6,143.4
2021-09-11,Germany,119.0,120.0,0,0.7,124.2,120.9
2021-09-11,Germany,115.0,116.0,0,0.6,125.6,122.6
2021-09-11,Kenya,108.0,107.0,1,0.6,128.4,135.3
2021-09-11,Nigeria,107.0,108.0,0,0.2,101.0,115.1
2021-09-11,Spain,116.0,115.0,1,0.8,121.4,123.7
2021-09-12,Sri Lanka,103.0,105.0,0,0.3,120.1,131.4
2021-09-12,South Africa,105.0,103.0,1,0.8,158.8,141.4
2021-09-13,Nigeria,123.0,124.0,0,0.1,101.4,116.7
2021-09-13,Uganda,124.0,123.0,1,0.4,126.6,141.2
2021-09-13,Kenya,162.0,101.0,1,0.6,130.5,136.6
2021-09-13,Nigeria,101.0,162.0,0,0.0,98.0,122.2
2021-09-14,South Africa,121.0,120.0,1,0.9,154.9,137.3
2021-09-14,Sri Lanka,120.0,121.0,0,0.2,116.1,131.8
2021-09-15,Nigeria,133.0,107.0,1,0.1,99.8,114.5
2021-09-15,Kenya,107.0,133.0,0,0.5,126.7,135.5
2021-09-15,Uganda,172.0,117.0,1,0.4,132.1,141.6
2021-09-15,Nigeria,117.0,172.0,0,0.1,100.6,115.8
2021-09-15,Scotland,141.0,134.0,1,0.6,164.3,149.2
2021-09-15,Zimbabwe,134.0,141.0,0,0.3,142.7,153.4
2021-09-15,Kenya,123.0,126.0,0,0.5,125.4,131.5
2021-09-15,Uganda,126.0,123.0,1,0.5,128.6,133.8
2021-09-17,Scotland,126.0,136.0,0,0.6,158.4,144.2
2021-09-17,Zimbabwe,136.0,126.0,1,0.4,142.2,149.5
2021-09-17,Uganda,120.0,114.0,1,0.6,128.0,129.8
2021-09-17,Kenya,114.0,120.0,0,0.5,122.9,126.5
2021-09-19,Scotland,177.0,180.0,0,0.6,159.5,145.4
2021-09-19,Zimbabwe,180.0,177.0,1,0.5,145.0,151.9
2021-10-05,Namibia,159.0,142.0,1,0.8,148.1,114.1
2021-10-05,U.A.E.,142.0,159.0,0,0.7,131.5,121.8
2021-10-05,Estonia,130.0,131.0,0,0.0,130.0,131.0
2021-10-05,Cyprus,131.0,130.0,1,1.0,131.0,130.0
2021-10-05,Estonia,102.0,105.0,0,0.0,116.0,118.0
2021-10-05,Cyprus,105.0,102.0,1,1.0,118.0,116.0
2021-10-06,Estonia,118.0,122.0,0,0.0,116.66666666666667,119.33333333333333
2021-10-06,Isle of Man,122.0,118.0,1,0.5,111.0,109.5
2021-10-06,Cyprus,92.0,93.0,0,0.6666666666666666,109.33333333333333,108.33333333333333
2021-10-06,Isle of Man,93.0,92.0,1,0.6666666666666666,105.0,103.66666666666667
2021-10-07,Estonia,108.0,187.0,0,0.0,114.5,136.25
2021-10-07,Isle of Man,151.0,149.0,1,0.75,116.5,115.0
2021-10-07,Cyprus,149.0,151.0,0,0.5,119.25,119.0
2021-10-07,Ireland,124.0,123.0,1,0.4,141.4,146.1
2021-10-07,U.A.E.,123.0,124.0,0,0.6,132.6,123.1
2021-10-07,Cyprus,187.0,108.0,1,0.6,132.8,116.8
2021-10-08,U.A.E.,163.0,109.0,1,0.6,133.5,120.0
2021-10-08,Ireland,109.0,163.0,0,0.4,136.0,144.0
2021-10-08,Cyprus,160.0,121.0,1,0.6666666666666666,137.33333333333334,117.5
2021-10-08,Estonia,121.0,160.0,0,0.0,115.8,141.0
2021-10-08,Estonia,71.0,72.0,0,0.0,108.33333333333333,129.5
2021-10-08,Isle of Man,72.0,71.0,1,0.8,107.6,106.2
2021-10-08,P.N.G.,154.0,156.0,0,0.7,140.3,119.4
2021-10-08,Scotland,156.0,154.0,1,0.6,158.1,146.9
2021-10-09,Namibia,138.0,137.0,1,0.8,150.8,117.2
2021-10-09,Scotland,137.0,138.0,0,0.5,157.2,146.5
2021-10-10,Namibia,174.0,160.0,1,0.8,150.1,123.8
2021-10-10,P.N.G.,160.0,174.0,0,0.6,142.6,126.3
2021-10-10,Ireland,134.0,139.0,0,0.4,136.2,141.4
2021-10-10,U.A.E.,139.0,134.0,1,0.7,139.4,125.3
2021-10-15,Denmark,100.0,101.0,0,0.6,123.3,111.6
2021-10-15,Italy,101.0,100.0,1,0.75,105.125,123.125
2021-10-15,Jersey,137.0,133.0,1,0.4,137.4,134.0
2021-10-15,Germany,133.0,137.0,0,0.5,120.9,124.1
2021-10-16,Denmark,110.0,112.0,0,0.5,120.2,113.3
2021-10-16,Lesotho,140.0,194.0,0,0.0,140.0,194.0
2021-10-16,Ghana,157.0,153.0,1,0.4,125.6,125.5
2021-10-16,Germany,112.0,110.0,1,0.6,118.2,120.9
2021-10-16,Swaziland,194.0,140.0,1,1.0,194.0,140.0
2021-10-16,Rwanda,153.0,157.0,0,0.3333333333333333,128.33333333333334,142.83333333333334
2021-10-16,Jersey,139.0,98.0,1,0.5,135.4,125.9
2021-10-16,Seychelles,95.0,96.0,0,0.0,95.0,96.0
2021-10-16,Ghana,96.0,95.0,1,0.5,126.1,125.8
2021-10-16,Italy,98.0,139.0,0,0.6666666666666666,104.33333333333333,124.88888888888889
2021-10-16,Malawi,98.0,101.0,0,0.7142857142857143,126.57142857142857,124.42857142857143
2021-10-16,Uganda,101.0,98.0,1,0.6,124.7,128.0
2021-10-17,Malawi,99.0,97.0,1,0.75,123.125,121.0
2021-10-17,Swaziland,97.0,99.0,0,0.5,145.5,119.5
2021-10-17,Seychelles,132.0,131.0,1,0.5,113.5,113.5
2021-10-17,Oman,131.0,129.0,1,0.6,124.0,132.3
2021-10-17,P.N.G.,129.0,131.0,0,0.5,146.5,130.5
2021-10-17,Denmark,89.0,94.0,0,0.5,118.2,111.7
2021-10-17,Jersey,94.0,89.0,1,0.6,130.7,120.6
2021-10-17,Lesotho,131.0,132.0,0,0.0,135.5,163.0
2021-10-17,Ghana,239.0,123.0,1,0.6,141.2,124.0
2021-10-17,Rwanda,63.0,169.0,0,0.2857142857142857,119.0,146.57142857142858
2021-10-17,Uganda,169.0,63.0,1,0.7,128.2,120.8
2021-10-17,Germany,104.0,103.0,1,0.6,120.6,123.6
2021-10-17,Italy,103.0,104.0,0,0.6,104.2,122.8
2021-10-17,Bangladesh,134.0,140.0,0,0.6,111.9,112.4
2021-10-17,Scotland,140.0,134.0,1,0.6,157.7,144.0
2021-10-17,Lesotho,123.0,239.0,0,0.0,131.33333333333334,188.33333333333334
2021-10-18,Sri Lanka,100.0,96.0,1,0.3,113.0,128.0
2021-10-18,Namibia,96.0,100.0,0,0.7,140.6,123.4
2021-10-18,Ireland,107.0,106.0,1,0.5,135.2,136.1
2021-10-18,Netherlands,106.0,107.0,0,0.7,144.8,145.7
2021-10-19,Nigeria,99.0,100.0,0,0.1,103.4,118.6
2021-10-19,Denmark,132.0,141.0,0,0.4,115.6,113.0
2021-10-19,Ghana,96.0,95.0,1,0.7,140.1,120.0
2021-10-19,Malawi,95.0,96.0,0,0.6666666666666666,120.0,118.22222222222223
2021-10-19,Uganda,27.0,26.0,1,0.8,118.5,104.5
2021-10-19,Lesotho,26.0,27.0,0,0.0,105.0,148.0
2021-10-19,Sierra Leone,100.0,99.0,1,1.0,100.0,99.0
2021-10-19,Oman,127.0,153.0,0,0.5,129.5,140.5
2021-10-19,Italy,141.0,132.0,1,0.6,112.6,130.7
2021-10-19,Jersey,86.0,85.0,1,0.7,129.2,118.9
2021-10-19,Germany,85.0,86.0,0,0.5,119.4,122.8
2021-10-19,Uganda,76.0,72.0,1,0.9,119.6,98.3
2021-10-19,Swaziland,72.0,76.0,0,0.3333333333333333,121.0,105.0
2021-10-19,Seychelles,23.0,196.0,0,0.3333333333333333,83.33333333333333,141.0
2021-10-19,Rwanda,196.0,23.0,1,0.375,128.625,131.125
2021-10-19,P.N.G.,148.0,165.0,0,0.4,141.6,135.4
2021-10-19,Bangladesh,153.0,127.0,1,0.6,114.9,113.0
2021-10-19,Scotland,165.0,148.0,1,0.6,153.8,143.0
2021-10-20,Germany,119.0,107.0,1,0.5,114.9,121.9
2021-10-20,Seychelles,130.0,128.0,1,0.5,95.0,137.75
2021-10-20,Swaziland,128.0,130.0,0,0.25,122.75,111.25
2021-10-20,Namibia,166.0,164.0,1,0.7,141.1,129.1
2021-10-20,Netherlands,164.0,166.0,0,0.6,140.6,150.9
2021-10-20,Jersey,104.0,100.0,1,0.7,121.2,117.4
2021-10-20,Denmark,107.0,119.0,0,0.4,115.1,113.1
2021-10-20,Ghana,75.0,74.0,1,0.8,136.3,115.7
2021-10-20,Swaziland,74.0,75.0,0,0.2,113.0,104.0
2021-10-20,Seychelles,121.0,142.0,0,0.4,100.2,138.6
2021-10-20,Malawi,142.0,121.0,1,0.7,122.2,118.5
2021-10-20,Ireland,101.0,171.0,0,0.5,131.3,134.3
2021-10-20,Sri Lanka,171.0,101.0,1,0.4,117.2,125.1
2021-10-20,Italy,100.0,104.0,0,0.5,109.1,128.1
2021-10-21,Ghana,97.0,176.0,0,0.8,129.6,116.8
2021-10-21,Uganda,176.0,97.0,1,1.0,124.3,92.9
2021-10-21,P.N.G.,97.0,181.0,0,0.4,137.1,138.9
2021-10-21,Bangladesh,181.0,97.0,1,0.6,120.3,111.0
2021-10-21,Germany,116.0,117.0,0,0.4,116.9,120.9
2021-10-21,Italy,117.0,116.0,1,0.5,112.3,124.6
2021-10-21,Scotland,123.0,122.0,1,0.7,153.1,142.1
2021-10-21,Jersey,131.0,130.0,1,0.8,122.0,112.8
2021-10-21,Denmark,130.0,131.0,0,0.3,115.7,117.6
2021-10-21,Sierra Leone,55.0,124.0,0,0.5,77.5,111.5
2021-10-21,Nigeria,124.0,55.0,1,0.2,104.7,112.9
2021-10-21,Gibraltar,152.0,213.0,0,0.0,126.11111111111111,157.22222222222223
2021-10-21,Malta,213.0,152.0,1,0.5,154.4,152.0
2021-10-21,Oman,122.0,123.0,0,0.4,127.2,138.4
2021-10-22,Malawi,139.0,115.0,1,0.7,124.7,119.1
2021-10-22,Bulgaria,180.0,217.0,0,0.2,138.7,142.7
2021-10-22,Gibraltar,217.0,180.0,1,0.1,135.2,159.5
2021-10-22,Switzerland,82.0,81.0,1,1.0,82.0,81.0
2021-10-22,Bulgaria,81.0,82.0,0,0.2,137.2,136.1
2021-10-22,Seychelles,69.0,164.0,0,0.3333333333333333,95.0,142.83333333333334
2021-10-22,Uganda,164.0,69.0,1,1.0,125.5,90.2
2021-10-22,Rwanda,115.0,139.0,0,0.3333333333333333,127.11111111111111,132.0
2021-10-22,Namibia,126.0,125.0,1,0.8,142.5,128.6
2021-10-22,Switzerland,134.0,133.0,1,1.0,108.0,107.0
2021-10-22,Gibraltar,133.0,134.0,0,0.1,137.2,161.3
2021-10-22,Lesotho,101.0,123.0,0,0.0,104.2,143.0
2021-10-22,Malawi,123.0,101.0,1,0.7,120.0,112.3
2021-10-22,Rwanda,79.0,77.0,1,0.4,122.3,126.5
2021-10-22,Swaziland,77.0,79.0,0,0.16666666666666666,107.0,99.83333333333333
2021-10-22,Sri Lanka,45.0,44.0,1,0.5,110.6,118.7
2021-10-22,Netherlands,44.0,45.0,0,0.5,131.9,142.4
2021-10-22,Ireland,125.0,126.0,0,0.5,132.4,135.2
2021-10-23,Switzerland,150.0,142.0,1,1.0,122.0,118.66666666666667
2021-10-23,Bahrain,134.0,133.0,1,0.5555555555555556,144.22222222222223,147.11111111111111
2021-10-23,Qatar,133.0,134.0,0,0.6,141.9,125.9
2021-10-23,Malta,142.0,150.0,0,0.4,155.6,154.2
2021-10-23,Nigeria,85.0,84.0,1,0.3,106.6,114.6
2021-10-23,Sierra Leone,84.0,85.0,0,0.3333333333333333,79.66666666666667,102.66666666666667
2021-10-23,Australia,121.0,118.0,1,0.3,128.7,144.7
2021-10-23,Saudi Arabia,101.0,98.0,1,0.5555555555555556,125.11111111111111,129.77777777777777
2021-10-23,Maldives,98.0,101.0,0,0.2,112.6,146.3
2021-10-23,Malta,153.0,150.0,1,0.5,156.3,154.5
2021-10-23,Bulgaria,150.0,153.0,0,0.2,146.2,145.3
2021-10-23,England,56.0,55.0,1,0.7,155.3,149.2
2021-10-23,West Indies,55.0,56.0,0,0.5,154.8,147.4
2021-10-23,South Africa,118.0,121.0,0,0.8,150.1,134.4
2021-10-24,Bangladesh,171.0,172.0,0,0.6,127.0,117.7
2021-10-24,Nigeria,90.0,71.0,1,0.4,107.5,113.5
2021-10-24,Maldives,56.0,154.0,0,0.2,106.9,143.1
2021-10-24,Qatar,154.0,56.0,1,0.6,143.1,117.4
2021-10-24,Sri Lanka,172.0,171.0,1,0.6,118.7,117.8
2021-10-24,Pakistan,152.0,151.0,1,0.7,161.7,160.1
2021-10-24,Sierra Leone,71.0,90.0,0,0.25,77.5,99.5
2021-10-24,Kuwait,129.0,124.0,1,0.5,145.9,155.1
2021-10-24,Bahrain,124.0,129.0,0,0.5,142.2,145.3
2021-10-24,Bulgaria,178.0,177.0,1,0.2,143.2,148.3
2021-10-24,Gibraltar,177.0,178.0,0,0.1,145.1,169.2
2021-10-24,Switzerland,170.0,176.0,0,0.75,134.0,133.0
2021-10-24,Malta,176.0,170.0,1,0.5,159.0,156.7
2021-10-24,India,151.0,152.0,0,0.4,155.7,149.6
2021-10-25,Scotland,60.0,190.0,0,0.6,139.3,150.3
2021-10-25,Afghanistan,190.0,60.0,1,0.8,165.6,136.5
2021-10-25,Kuwait,146.0,149.0,0,0.5,140.2,149.4
2021-10-25,Saudi Arabia,149.0,146.0,1,0.6,127.5,131.4
2021-10-26,Nigeria,134.0,98.0,1,0.5,111.3,108.1
2021-10-26,Sierra Leone,98.0,134.0,0,0.2,81.6,106.4
2021-10-26,West Indies,143.0,144.0,0,0.5,152.5,145.1
2021-10-26,South Africa,144.0,143.0,1,0.8,147.8,132.1
2021-10-26,New Zealand,134.0,135.0,0,0.6,138.0,114.8
2021-10-26,Pakistan,135.0,134.0,1,0.7,154.7,153.2
2021-10-27,Maldives,88.0,93.0,0,0.1,102.6,139.4
2021-10-27,Bahrain,93.0,88.0,1,0.5,133.9,140.6
2021-10-27,England,126.0,124.0,1,0.7,152.1,146.0
2021-10-27,Bangladesh,124.0,126.0,0,0.5,127.2,124.1
2021-10-27,Namibia,115.0,109.0,1,0.9,143.2,126.0
2021-10-27,Saudi Arabia,130.0,134.0,0,0.6,127.0,127.2
2021-10-27,Scotland,109.0,115.0,0,0.5,133.4,145.1
2021-10-27,Qatar,134.0,130.0,1,0.6,146.3,120.3
2021-10-28,Kuwait,107.0,103.0,1,0.6,138.9,143.5
2021-10-28,Maldives,103.0,107.0,0,0.1,97.6,134.7
2021-10-28,Saudi Arabia,161.0,179.0,0,0.6,130.5,132.4
2021-10-28,Sri Lanka,154.0,155.0,0,0.6,121.5,116.9
2021-10-28,Australia,155.0,154.0,1,0.4,130.2,140.5
2021-10-28,Bahrain,179.0,161.0,1,0.5,137.6,142.6
2021-10-29,Pakistan,148.0,147.0,1,0.7,154.6,153.5
2021-10-29,West Indies,142.0,139.0,1,0.5,150.0,144.4
2021-10-29,Bangladesh,139.0,142.0,0,0.4,134.9,132.3
2021-10-29,Kuwait,126.0,127.0,0,0.5,131.8,137.5
2021-10-29,Qatar,127.0,126.0,1,0.6,138.9,116.8
2021-10-29,Afghanistan,147.0,148.0,0,0.8,166.5,137.4
2021-10-30,Australia,125.0,126.0,0,0.4,128.6,138.9
2021-10-30,England,126.0,125.0,1,0.8,147.0,140.0
2021-10-30,Sri Lanka,142.0,146.0,0,0.5,122.4,118.3
2021-10-30,South Africa,146.0,142.0,1,0.9,147.8,129.6
2021-10-31,New Zealand,111.0,110.0,1,0.6,134.8,111.6
2021-10-31,Afghanistan,160.0,98.0,1,0.9,169.1,130.8
2021-10-31,India,110.0,111.0,0,0.4,149.3,142.1
2021-10-31,Namibia,98.0,160.0,0,0.8,139.5,128.6
2021-11-01,Sri Lanka,137.0,163.0,0,0.4,127.9,126.5
2021-11-01,England,163.0,137.0,1,0.9,144.5,131.3
2021-11-02,Pakistan,189.0,144.0,1,0.7,158.6,154.1
2021-11-02,Namibia,144.0,189.0,0,0.7,135.0,135.1
2021-11-02,Bangladesh,84.0,86.0,0,0.3,129.2,127.2
2021-11-02,South Africa,86.0,84.0,1,0.9,139.6,123.7
2021-11-02,Botswana,157.0,85.0,1,0.125,99.75,136.125
2021-11-02,Sierra Leone,85.0,157.0,0,0.16666666666666666,82.16666666666667,114.83333333333333
2021-11-02,Tanzania,242.0,155.0,1,1.0,242.0,155.0
2021-11-02,Mozambique,155.0,242.0,0,0.14285714285714285,132.14285714285714,147.14285714285714
2021-11-03,India,210.0,144.0,1,0.5,157.9,143.5
2021-11-03,Afghanistan,144.0,210.0,0,0.8,168.8,141.2
2021-11-03,Sierra Leone,99.0,104.0,0,0.14285714285714285,84.57142857142857,113.28571428571429
2021-11-03,Tanzania,104.0,99.0,1,1.0,173.0,127.0
2021-11-03,New Zealand,172.0,156.0,1,0.6,131.0,112.8
2021-11-03,Cameroon,38.0,209.0,0,0.0,38.0,209.0
2021-11-03,Mozambique,209.0,38.0,1,0.25,141.75,133.5
2021-11-03,Scotland,156.0,172.0,0,0.4,134.9,148.9
2021-11-04,Bangladesh,73.0,78.0,0,0.3,128.9,122.2
2021-11-04,Australia,78.0,73.0,1,0.4,117.5,127.7
2021-11-04,Sri Lanka,189.0,169.0,1,0.5,133.3,127.1
2021-11-04,West Indies,169.0,189.0,0,0.5,152.6,146.5
2021-11-05,Cameroon,51.0,54.0,0,0.0,44.5,131.5
2021-11-05,Mozambique,96.0,97.0,0,0.2222222222222222,136.66666666666666,129.44444444444446
2021-11-05,Sierra Leone,97.0,96.0,1,0.25,86.125,111.125
2021-11-05,Scotland,85.0,89.0,0,0.4,130.8,144.2
2021-11-05,India,89.0,85.0,1,0.5,150.2,135.6
2021-11-05,New Zealand,163.0,111.0,1,0.6,130.0,109.7
2021-11-05,Namibia,111.0,163.0,0,0.6,132.7,144.9
2021-11-05,Botswana,54.0,51.0,1,0.2222222222222222,94.66666666666667,126.66666666666667
2021-11-06,England,179.0,189.0,0,0.8,149.4,137.3
2021-11-06,South Africa,189.0,179.0,1,0.9,142.0,128.4
2021-11-06,Tanzania,240.0,62.0,1,1.0,195.33333333333334,105.33333333333333
2021-11-06,Cameroon,62.0,240.0,0,0.0,50.333333333333336,167.66666666666666
2021-11-06,West Indies,157.0,161.0,0,0.4,153.8,149.9
2021-11-06,Australia,161.0,157.0,1,0.5,115.3,123.5
2021-11-06,Mozambique,100.0,152.0,0,0.2,133.0,131.7
2021-11-06,Botswana,152.0,100.0,1,0.3,100.4,124.0
2021-11-07,Cameroon,89.0,90.0,0,0.0,60.0,148.25
2021-11-07,Bahamas,68.0,190.0,0,0.0,68.0,190.0
2021-11-07,Canada,190.0,68.0,1,0.7,147.1,126.0
2021-11-07,New Zealand,125.0,124.0,1,0.6,128.4,114.5
2021-11-07,Afghanistan,124.0,125.0,0,0.7,165.6,141.0
2021-11-07,U.S.A.,86.0,85.0,1,0.375,119.0,125.25
2021-11-07,Sierra Leone,90.0,89.0,1,0.3333333333333333,86.55555555555556,108.66666666666667
2021-11-07,Scotland,117.0,189.0,0,0.4,124.8,145.1
2021-11-07,Pakistan,189.0,117.0,1,0.8,167.6,154.0
2021-11-07,U.S.A.,68.0,64.0,1,0.4444444444444444,113.33333333333333,118.44444444444444
2021-11-07,Belize,64.0,68.0,0,0.75,106.25,103.25
2021-11-07,Botswana,140.0,143.0,0,0.3,105.4,124.1
2021-11-07,Tanzania,143.0,140.0,1,1.0,182.25,114.0
2021-11-07,Panama,85.0,86.0,0,0.5,123.5,117.5
2021-11-08,Bermuda,149.0,172.0,0,0.2,123.1,144.8
2021-11-08,U.S.A.,172.0,149.0,1,0.5,119.2,121.5
2021-11-08,Panama,131.0,143.0,0,0.4,125.0,122.6
2021-11-08,Belize,143.0,131.0,1,0.8,113.6,108.8
2021-11-08,India,136.0,132.0,1,0.6,148.2,133.0
2021-11-08,Argentina,109.0,121.0,0,0.8333333333333334,93.33333333333333,84.5
2021-11-08,Bahamas,121.0,109.0,1,0.5,94.5,149.5
2021-11-08,Belize,89.0,234.0,0,0.6666666666666666,109.5,129.66666666666666
2021-11-08,Canada,234.0,89.0,1,0.7,161.0,125.8
2021-11-08,Namibia,132.0,136.0,0,0.5,130.0,144.3
2021-11-10,Argentina,171.0,112.0,1,0.8571428571428571,104.42857142857143,88.42857142857143
2021-11-10,Bermuda,239.0,99.0,1,0.2,132.8,140.6
2021-11-10,Bahamas,99.0,239.0,0,0.3333333333333333,96.0,179.33333333333334
2021-11-10,Argentina,156.0,111.0,1,0.875,110.875,91.25
2021-11-10,Panama,111.0,156.0,0,0.3333333333333333,122.66666666666667,128.16666666666666
2021-11-10,England,166.0,167.0,0,0.7,155.2,142.9
2021-11-10,New Zealand,167.0,166.0,1,0.7,139.1,124.9
2021-11-10,Belize,112.0,171.0,0,0.5714285714285714,109.85714285714286,135.57142857142858
2021-11-11,Canada,187.0,141.0,1,0.7,167.7,128.3
2021-11-11,Bahamas,150.0,139.0,1,0.5,109.5,169.25
2021-11-11,Bermuda,141.0,187.0,0,0.2,135.3,147.3
2021-11-11,Australia,177.0,176.0,1,0.6,122.2,128.0
2021-11-11,Belize,139.0,150.0,0,0.5,113.5,137.375
2021-11-11,Panama,95.0,181.0,0,0.2857142857142857,118.71428571428571,135.71428571428572
2021-11-11,Argentina,90.0,94.0,0,0.7777777777777778,108.55555555555556,91.55555555555556
2021-11-11,U.S.A.,94.0,90.0,1,0.6,112.8,112.3
2021-11-11,Pakistan,176.0,177.0,0,0.7,168.7,157.6
2021-11-11,Bermuda,181.0,95.0,1,0.2,141.9,145.4
2021-11-13,Bahamas,90.0,91.0,0,0.4,105.6,153.6
2021-11-13,U.S.A.,91.0,90.0,1,0.7,108.4,107.2
2021-11-13,Belize,85.0,89.0,0,0.4444444444444444,110.33333333333333,132.0
2021-11-13,Bermuda,89.0,85.0,1,0.3,141.9,144.9
2021-11-13,Panama,139.0,113.0,1,0.375,121.25,132.875
2021-11-13,Bahamas,113.0,139.0,0,0.3333333333333333,106.83333333333333,151.16666666666666
2021-11-13,Argentina,109.0,115.0,0,0.7,108.6,93.9
2021-11-13,Canada,115.0,109.0,1,0.7,161.9,123.4
2021-11-14,Canada,245.0,37.0,1,0.7,168.8,114.8
2021-11-14,Bermuda,133.0,130.0,1,0.4,140.3,142.7
2021-11-14,Panama,37.0,245.0,0,0.3333333333333333,111.88888888888889,145.33333333333334
2021-11-14,Australia,173.0,172.0,1,0.7,127.4,132.9
2021-11-14,New Zealand,172.0,173.0,0,0.7,142.6,128.1
2021-11-14,Argentina,130.0,133.0,0,0.6,116.9,102.6
2021-11-17,India,166.0,164.0,1,0.6,146.3,131.7
2021-11-17,New Zealand,164.0,166.0,0,0.6,146.2,137.1
2021-11-17,Tanzania,187.0,138.0,1,1.0,183.2,118.8
2021-11-17,Nigeria,50.0,147.0,0,0.5,105.6,112.0
2021-11-17,Kenya,138.0,187.0,0,0.4,122.9,135.9
2021-11-17,Uganda,160.0,161.0,0,0.9,129.1,94.0
2021-11-17,Kenya,161.0,160.0,1,0.4,123.1,136.2
2021-11-17,Nigeria,114.0,117.0,0,0.5,104.7,111.3
2021-11-17,Uganda,147.0,50.0,1,0.9,126.6,87.3
2021-11-17,Tanzania,117.0,114.0,1,1.0,172.16666666666666,118.0
2021-11-18,Uganda,141.0,140.0,1,0.9,128.1,89.0
2021-11-18,Nigeria,130.0,136.0,0,0.5,107.6,108.7
2021-11-18,Kenya,136.0,130.0,1,0.5,127.3,131.1
2021-11-18,Nigeria,112.0,114.0,0,0.4,105.5,109.4
2021-11-18,Uganda,114.0,112.0,1,0.9,127.5,88.8
2021-11-18,Tanzania,101.0,104.0,0,0.8571428571428571,162.0,116.0
2021-11-18,Kenya,104.0,101.0,1,0.6,130.4,129.4
2021-11-18,Tanzania,140.0,141.0,0,0.75,159.25,119.125
2021-11-19,Pakistan,132.0,127.0,1,0.7,158.7,150.2
2021-11-19,Bangladesh,127.0,132.0,0,0.2,132.0,126.1
2021-11-19,New Zealand,153.0,155.0,0,0.6,152.2,143.0
2021-11-19,India,155.0,153.0,1,0.6,139.4,128.2
2021-11-20,Pakistan,109.0,108.0,1,0.8,154.1,141.0
2021-11-20,Bangladesh,108.0,109.0,0,0.2,129.4,120.9
2021-11-20,Nigeria,67.0,136.0,0,0.4,100.5,105.8
2021-11-20,Uganda,118.0,123.0,1,0.9,129.2,91.3
2021-11-20,Tanzania,136.0,67.0,1,0.7777777777777778,156.66666666666666,113.33333333333333
2021-11-20,Uganda,74.0,68.0,1,0.9,119.7,91.8
2021-11-20,Tanzania,68.0,74.0,0,0.7,147.8,109.4
2021-11-20,Nigeria,108.0,168.0,0,0.4,101.4,112.6
2021-11-20,Kenya,168.0,108.0,1,0.6,132.1,127.3
2021-11-20,Kenya,123.0,118.0,0,0.5,133.6,128.4
2021-11-21,India,184.0,111.0,1,0.6,141.4,126.7
2021-11-21,New Zealand,111.0,184.0,0,0.5,147.2,148.0
2021-11-22,Bangladesh,124.0,127.0,0,0.2,128.4,119.6
2021-11-22,Pakistan,127.0,124.0,1,0.9,151.4,137.9
2021-12-13,Pakistan,200.0,137.0,1,0.9,155.7,136.6
2021-12-13,West Indies,137.0,200.0,0,0.3,147.9,155.9
2021-12-14,West Indies,163.0,172.0,0,0.2,150.0,159.0
2021-12-14,Pakistan,172.0,163.0,1,0.9,157.7,137.8
2021-12-16,West Indies,207.0,208.0,0,0.2,152.2,160.9
2021-12-16,Pakistan,208.0,207.0,1,0.9,165.0,145.1
2021-12-22,U.S.A.,188.0,162.0,1,0.7,121.2,116.6
2021-12-22,Ireland,162.0,188.0,0,0.4,133.3,138.8
2021-12-23,Ireland,150.0,141.0,1,0.4,130.5,139.1
2021-12-23,U.S.A.,141.0,150.0,0,0.7,120.9,117.1
2022-01-22,West Indies,104.0,103.0,1,0.2,142.7,152.9
2022-01-22,England,103.0,104.0,0,0.6,147.5,144.2
2022-01-23,West Indies,170.0,171.0,0,0.2,144.7,154.3
2022-01-23,England,171.0,170.0,1,0.7,144.5,138.0
2022-01-26,West Indies,224.0,204.0,1,0.3,161.6,169.1
2022-01-26,England,204.0,224.0,0,0.6,144.9,144.9
2022-01-29,England,193.0,159.0,1,0.6,148.7,145.4
2022-01-29,West Indies,159.0,193.0,0,0.3,163.2,174.0
2022-01-30,England,162.0,179.0,0,0.5,159.3,157.8
2022-01-30,West Indies,179.0,162.0,1,0.3,166.9,176.3
2022-02-11,Nepal,137.0,135.0,1,0.7,146.5,130.1
2022-02-11,Australia,149.0,122.0,1,0.8,130.6,132.4
2022-02-11,Oman,135.0,137.0,0,0.4,128.0,138.0
2022-02-11,Sri Lanka,122.0,149.0,0,0.5,135.2,131.5
2022-02-12,Ireland,140.0,137.0,1,0.4,127.1,141.8
2022-02-12,Oman,137.0,140.0,0,0.4,131.0,135.9
2022-02-12,U.A.E.,192.0,167.0,1,0.8,147.8,122.2
2022-02-12,Nepal,167.0,192.0,0,0.6,153.4,139.9
2022-02-13,U.A.E.,178.0,165.0,1,0.8,159.4,132.6
2022-02-13,Ireland,165.0,178.0,0,0.4,131.7,147.2
2022-02-14,U.A.E.,164.0,165.0,0,0.7,157.2,135.2
2022-02-14,Oman,165.0,164.0,1,0.4,134.1,140.1
2022-02-14,Ireland,127.0,111.0,1,0.4,132.0,146.0
2022-02-14,Nepal,111.0,127.0,0,0.6,151.3,137.2
2022-02-15,Sri Lanka,121.0,124.0,0,0.5,135.3,131.8
2022-02-15,Australia,124.0,121.0,1,0.8,132.5,134.1
2022-02-16,West Indies,157.0,162.0,0,0.3,165.7,173.6
2022-02-16,India,162.0,157.0,1,0.7,144.4,129.1
2022-02-18,Philippines,98.0,216.0,0,0.25,80.0,156.0
2022-02-18,Canada,216.0,98.0,1,0.7,174.5,113.7
2022-02-18,Oman,78.0,117.0,0,0.4,125.2,135.0
2022-02-18,Australia,143.0,139.0,1,0.9,140.6,135.8
2022-02-18,Sri Lanka,139.0,143.0,0,0.4,139.2,136.5
2022-02-18,Nepal,117.0,78.0,1,0.7,151.9,129.6
2022-02-18,Germany,106.0,107.0,0,0.4,114.1,113.1
2022-02-18,Ireland,139.0,157.0,0,0.4,135.0,145.4
2022-02-18,U.A.E.,157.0,139.0,1,0.7,157.9,135.3
2022-02-18,West Indies,178.0,186.0,0,0.3,167.8,176.1
2022-02-18,India,186.0,178.0,1,0.8,154.9,138.7
2022-02-18,Bahrain,107.0,106.0,1,0.6,129.5,134.3
2022-02-19,Germany,167.0,191.0,0,0.3,117.6,119.4
2022-02-19,U.A.E.,191.0,167.0,1,0.7,164.8,142.6
2022-02-19,Philippines,82.0,218.0,0,0.2,80.4,168.4
2022-02-19,Nepal,218.0,82.0,1,0.7,166.5,131.2
2022-02-19,Ireland,158.0,137.0,1,0.5,137.4,145.2
2022-02-19,Oman,159.0,155.0,1,0.4,132.7,142.2
2022-02-19,Canada,155.0,159.0,0,0.6,174.4,115.0
2022-02-19,Bahrain,137.0,158.0,0,0.6,127.5,129.6
2022-02-20,India,184.0,167.0,1,0.9,158.2,140.2
2022-02-20,West Indies,167.0,184.0,0,0.3,170.8,174.5
2022-02-20,Australia,154.0,155.0,0,0.8,143.9,139.5
2022-02-20,Sri Lanka,155.0,154.0,1,0.4,137.6,141.8
2022-02-21,U.A.E.,170.0,172.0,0,0.6,161.9,150.1
2022-02-21,Oman,40.0,36.0,1,0.5,122.6,128.3
2022-02-21,Philippines,36.0,40.0,0,0.16666666666666666,73.0,147.0
2022-02-21,Bahrain,172.0,170.0,1,0.7,136.4,138.2
2022-02-21,Germany,107.0,111.0,0,0.3,116.4,118.5
2022-02-21,Nepal,81.0,80.0,1,0.7,160.5,125.6
2022-02-21,Canada,80.0,81.0,0,0.6,170.6,108.1
2022-02-21,Ireland,111.0,107.0,1,0.5,137.8,145.3
2022-02-22,U.A.E.,175.0,107.0,1,0.7,165.2,144.9
2022-02-22,Nepal,107.0,175.0,0,0.6,159.9,132.2
2022-02-22,Ireland,165.0,109.0,1,0.6,144.2,139.1
2022-02-22,Oman,109.0,165.0,0,0.4,120.3,131.9
2022-02-22,Germany,131.0,132.0,0,0.3,118.0,120.1
2022-02-22,Canada,132.0,131.0,1,0.7,169.4,106.7
2022-02-22,Bahrain,191.0,100.0,1,0.7,136.9,136.1
2022-02-22,Philippines,100.0,191.0,0,0.14285714285714285,76.85714285714286,153.28571428571428
2022-02-24,India,199.0,137.0,1,1.0,167.1,142.8
2022-02-24,U.A.E.,160.0,159.0,1,0.8,168.9,148.4
2022-02-24,Ireland,159.0,160.0,0,0.6,147.6,142.5
2022-02-24,Sri Lanka,137.0,199.0,0,0.3,146.8,157.3
2022-02-24,Nepal,90.0,87.0,1,0.7,148.3,120.0
2022-02-24,Germany,115.0,109.0,1,0.4,116.2,117.3
2022-02-24,Philippines,109.0,115.0,0,0.125,80.875,148.5
2022-02-24,Canada,132.0,131.0,1,0.8,168.6,104.4
2022-02-24,Bahrain,131.0,132.0,0,0.6,139.1,138.7
2022-02-24,Oman,87.0,90.0,0,0.3,115.9,128.0
2022-02-26,Sri Lanka,183.0,186.0,0,0.2,147.9,158.8
2022-02-26,India,186.0,183.0,1,1.0,164.7,146.7
2022-02-27,India,148.0,146.0,1,1.0,170.6,152.8
2022-02-27,Sri Lanka,146.0,148.0,0,0.2,147.1,158.1
2022-03-03,Bangladesh,155.0,94.0,1,0.2,128.6,116.3
2022-03-03,Afghanistan,94.0,155.0,0,0.6,161.7,139.3
2022-03-05,Bangladesh,115.0,121.0,0,0.1,122.0,118.7
2022-03-05,Afghanistan,121.0,115.0,1,0.6,155.4,134.5
2022-03-28,Nepal,183.0,168.0,1,0.7,144.9,122.0
2022-03-28,P.N.G.,168.0,183.0,0,0.3,141.2,144.6
2022-03-29,Malaysia,180.0,172.0,1,0.5,143.9,160.7
2022-03-29,P.N.G.,172.0,180.0,0,0.2,140.4,148.9
2022-03-30,Nepal,117.0,114.0,1,0.7,132.8,123.8
2022-03-30,Malaysia,114.0,117.0,0,0.4,138.6,157.0
2022-03-31,P.N.G.,166.0,203.0,0,0.1,145.2,161.9
2022-03-31,Nepal,203.0,166.0,1,0.7,139.4,126.9
2022-04-01,Malaysia,196.0,199.0,0,0.3,140.6,159.8
2022-04-01,P.N.G.,199.0,196.0,1,0.1,152.1,170.3
2022-04-02,Nepal,223.0,138.0,1,0.8,145.0,121.5
2022-04-02,Malaysia,138.0,223.0,0,0.2,139.0,168.9
2022-04-04,Nepal,168.0,118.0,1,0.9,150.7,120.6
2022-04-04,P.N.G.,118.0,168.0,0,0.1,151.1,173.7
2022-04-05,Pakistan,162.0,163.0,0,0.8,166.4,146.7
2022-04-05,Australia,163.0,162.0,1,0.8,144.7,140.3
2022-04-08,Namibia,128.0,127.0,1,0.5,129.0,143.3
2022-04-08,Uganda,127.0,128.0,0,0.8,129.7,102.0
2022-04-09,Namibia,177.0,178.0,0,0.4,129.3,145.1
2022-04-09,Uganda,178.0,177.0,1,0.8,139.9,112.5
2022-04-10,Namibia,185.0,133.0,1,0.5,138.2,148.4
2022-04-10,Uganda,133.0,185.0,0,0.7,135.6,121.3
2022-04-13,Bahamas,85.0,88.0,0,0.2857142857142857,103.71428571428571,142.14285714285714
2022-04-13,Cayman Is,88.0,85.0,1,0.14285714285714285,93.57142857142857,105.42857142857143
2022-04-14,Bahamas,133.0,148.0,0,0.25,107.375,142.875
2022-04-14,Cayman Is,148.0,133.0,1,0.25,100.375,108.875
2022-04-16,Bahamas,113.0,119.0,0,0.2222222222222222,108.0,140.22222222222223
2022-04-16,Cayman Is,119.0,113.0,1,0.3333333333333333,102.44444444444444,109.33333333333333
2022-04-16,Cayman Is,166.0,101.0,1,0.4,108.8,108.5
2022-04-16,Bahamas,101.0,166.0,0,0.2,107.3,142.8
2022-04-17,Cayman Is,180.0,138.0,1,0.5,115.6,102.7
2022-04-17,Bahamas,138.0,180.0,0,0.2,114.3,141.8
2022-04-29,Norway,137.0,100.0,1,0.3,113.7,114.9
2022-04-29,Guernsey,100.0,137.0,0,0.3333333333333333,107.55555555555556,125.22222222222223
2022-04-30,Spain,129.0,78.0,1,0.8,118.4,115.7
2022-04-30,Norway,78.0,129.0,0,0.3,113.5,111.8
2022-04-30,Norway,120.0,126.0,0,0.3,116.0,110.3
2022-04-30,Guernsey,126.0,120.0,1,0.4,109.4,124.7
2022-04-30,Guernsey,78.0,80.0,0,0.4,104.9,116.3
2022-04-30,Spain,80.0,78.0,1,0.8,117.5,114.8
2022-05-01,Spain,125.0,84.0,1,0.8,120.1,113.4
2022-05-01,Norway,84.0,125.0,0,0.3,114.9,113.2
2022-05-01,Spain,107.0,111.0,0,0.7,116.5,113.1
2022-05-01,Guernsey,111.0,107.0,1,0.5,106.5,109.9
2022-05-07,Denmark,137.0,142.0,0,0.2,117.7,120.2
2022-05-07,Finland,142.0,137.0,1,0.4,138.9,131.6
2022-05-07,Denmark,170.0,33.0,1,0.2,123.6,113.2
2022-05-07,Finland,33.0,170.0,0,0.4,130.6,136.9
2022-05-08,Denmark,162.0,109.0,1,0.3,126.3,110.4
2022-05-08,Finland,109.0,162.0,0,0.4,132.9,140.7
2022-05-10,Gibraltar,137.0,138.0,0,0.1,149.3,173.4
2022-05-10,Hungary,138.0,137.0,1,0.6,167.6,168.2
2022-05-10,Malta,206.0,161.0,1,0.5,159.9,153.5
2022-05-10,Hungary,161.0,206.0,0,0.5,166.5,174.5
2022-05-10,Gibraltar,132.0,135.0,0,0.1,151.8,175.9
2022-05-10,Malta,135.0,132.0,1,0.6,160.2,153.1
2022-05-11,Gibraltar,144.0,184.0,0,0.1,151.4,179.4
2022-05-11,Bulgaria,153.0,158.0,0,0.2,142.8,148.0
2022-05-11,Czech Rep.,184.0,144.0,1,0.3,141.4,162.9
2022-05-11,Malta,166.0,165.0,1,0.7,164.0,156.5
2022-05-11,Romania,165.0,166.0,0,0.9,167.5,146.2
2022-05-11,Hungary,158.0,153.0,1,0.5714285714285714,165.28571428571428,171.42857142857142
2022-05-12,Malta,164.0,162.0,1,0.7,169.1,161.5
2022-05-12,Czech Rep.,162.0,164.0,0,0.3,142.5,159.6
2022-05-12,Czech Rep.,258.0,170.0,1,0.4,160.9,160.5
2022-05-12,Bulgaria,170.0,258.0,0,0.1,140.1,160.5
2022-05-12,Romania,158.0,162.0,0,0.8,167.4,146.7
2022-05-12,Hungary,162.0,158.0,1,0.625,164.875,169.75
2022-05-13,Romania,132.0,131.0,1,0.8,164.5,144.1
2022-05-13,Bulgaria,131.0,132.0,0,0.1,141.7,161.8
2022-05-13,Czech Rep.,167.0,193.0,0,0.3,164.9,167.2
2022-05-13,Bulgaria,192.0,213.0,0,0.1,148.4,164.4
2022-05-13,Gibraltar,213.0,192.0,1,0.2,153.4,178.9
2022-05-13,Romania,193.0,167.0,1,0.8,164.7,150.8
2022-05-14,Hungary,169.0,175.0,0,0.5555555555555556,165.33333333333334,170.33333333333334
2022-05-14,Gibraltar,141.0,142.0,0,0.2,155.4,171.4
2022-05-14,Romania,142.0,141.0,1,0.8,167.3,153.4
2022-05-14,Bulgaria,204.0,205.0,0,0.1,157.6,173.6
2022-05-14,Malta,205.0,204.0,1,0.8,173.0,161.7
2022-05-14,Czech Rep.,175.0,169.0,1,0.4,166.3,167.6
2022-05-15,Malta,162.0,171.0,0,0.8,172.2,161.7
2022-05-15,Romania,171.0,162.0,1,0.8,172.5,158.1
2022-05-15,Hungary,151.0,221.0,0,0.5,163.9,175.4
2022-05-15,Bulgaria,171.0,170.0,1,0.2,161.0,176.5
2022-05-15,Gibraltar,170.0,171.0,0,0.2,161.6,166.7
2022-05-15,Czech Rep.,221.0,151.0,1,0.5,180.0,166.5
2022-05-17,Zimbabwe,153.0,146.0,1,0.5,143.7,152.2
2022-05-17,Namibia,146.0,153.0,0,0.4,136.2,147.3
2022-05-19,Zimbabwe,122.0,124.0,0,0.5,136.6,145.2
2022-05-19,Namibia,124.0,122.0,1,0.4,136.0,147.0
2022-05-20,Jersey,178.0,141.0,1,0.8,125.1,115.7
2022-05-20,Guernsey,141.0,178.0,0,0.5,109.8,116.8
2022-05-21,Guernsey,108.0,168.0,0,0.5,108.9,121.8
2022-05-21,Jersey,168.0,108.0,1,0.9,128.3,112.1
2022-05-21,Namibia,128.0,129.0,0,0.3,137.3,149.0
2022-05-21,Zimbabwe,129.0,128.0,1,0.5,137.8,146.6
2022-05-21,Jersey,185.0,148.0,1,1.0,136.3,115.9
2022-05-21,Guernsey,148.0,185.0,0,0.5,112.7,128.2
2022-05-22,Namibia,161.0,157.0,1,0.4,143.6,148.7
2022-05-22,Zimbabwe,157.0,161.0,0,0.5,138.3,147.4
2022-05-24,Namibia,127.0,95.0,1,0.5,141.9,139.3
2022-05-24,Zimbabwe,95.0,127.0,0,0.5,134.0,142.3
2022-06-04,Austria,201.0,96.0,1,0.7,153.0,137.1
2022-06-04,Hungary,96.0,201.0,0,0.4,157.0,179.5
2022-06-05,Hungary,197.0,196.0,1,0.5,158.0,179.6
2022-06-05,Austria,196.0,197.0,0,0.6,148.7,146.4
2022-06-07,Sri Lanka,128.0,134.0,0,0.2,145.7,156.9
2022-06-07,Australia,134.0,128.0,1,0.9,145.6,140.5
2022-06-08,Sri Lanka,124.0,126.0,0,0.2,144.4,153.2
2022-06-08,Australia,126.0,124.0,1,0.9,150.4,145.6
2022-06-09,South Africa,212.0,211.0,1,0.9,147.3,137.8
2022-06-09,Sweden,93.0,95.0,0,0.375,123.75,129.25
2022-06-09,Germany,95.0,93.0,1,0.4,114.5,115.6
2022-06-09,Germany,135.0,81.0,1,0.4,117.6,113.4
2022-06-09,Austria,81.0,135.0,0,0.5,137.5,143.6
2022-06-09,India,211.0,212.0,0,0.9,178.1,160.8
2022-06-10,Austria,124.0,121.0,1,0.5,144.0,141.4
2022-06-10,Sweden,121.0,124.0,0,0.3333333333333333,123.44444444444444,128.66666666666666
2022-06-10,Austria,141.0,103.0,1,0.5,141.9,143.3
2022-06-10,Germany,103.0,141.0,0,0.4,119.4,118.9
2022-06-11,Luxembourg,80.0,158.0,0,0.5,144.9,145.4
2022-06-11,Sweden,132.0,133.0,0,0.3,124.3,129.1
2022-06-11,Switzerland,158.0,80.0,1,0.8,138.8,122.4
2022-06-11,Malta,112.0,196.0,0,0.7,162.1,166.1
2022-06-11,Belgium,196.0,112.0,1,0.7,139.1,111.3
2022-06-11,Afghanistan,160.0,159.0,1,0.6,151.6,135.4
2022-06-11,Zimbabwe,159.0,160.0,0,0.5,138.9,140.9
2022-06-11,Austria,133.0,132.0,1,0.5,139.1,140.9
2022-06-11,Germany,151.0,122.0,1,0.4,122.6,120.4
2022-06-11,Luxembourg,133.0,115.0,1,0.6,144.7,138.5
2022-06-11,Malta,122.0,233.0,0,0.7,160.1,174.4
2022-06-11,Belgium,233.0,122.0,1,0.7,144.0,110.0
2022-06-11,Sri Lanka,177.0,176.0,1,0.2,143.2,153.9
2022-06-11,Australia,176.0,177.0,0,0.8,151.9,147.6
2022-06-11,Sweden,122.0,151.0,0,0.3,126.2,133.1
2022-06-11,Switzerland,115.0,133.0,0,0.6666666666666666,134.83333333333334,124.16666666666667
2022-06-12,Zimbabwe,149.0,170.0,0,0.4,141.4,146.0
2022-06-12,South Africa,149.0,148.0,1,0.9,143.3,138.6
2022-06-12,India,148.0,149.0,0,0.8,176.3,159.3
2022-06-12,Afghanistan,170.0,149.0,1,0.6,149.3,135.5
2022-06-12,Austria,122.0,125.0,0,0.5,133.4,135.4
2022-06-12,Malta,40.0,162.0,0,0.6,148.8,175.6
2022-06-12,Belgium,162.0,40.0,1,0.8,150.3,103.7
2022-06-12,Germany,125.0,122.0,1,0.5,123.5,120.9
2022-06-14,Afghanistan,125.0,90.0,1,0.6,143.5,130.9
2022-06-14,Zimbabwe,90.0,125.0,0,0.4,137.0,144.4
2022-06-14,India,179.0,131.0,1,0.8,178.7,157.1
2022-06-14,South Africa,131.0,179.0,0,0.8,140.1,143.0
2022-06-17,India,169.0,87.0,1,0.8,177.2,154.7
2022-06-17,South Africa,87.0,169.0,0,0.7,138.3,149.6
2022-06-19,Finland,139.0,116.0,1,0.5,133.3,138.2
2022-06-19,Estonia,116.0,139.0,0,0.0,109.42857142857143,130.85714285714286
2022-06-19,Finland,182.0,171.0,1,0.5,133.0,145.0
2022-06-19,Estonia,171.0,182.0,0,0.0,117.125,137.25
2022-06-24,Serbia,225.0,229.0,0,0.0,134.14285714285714,158.28571428571428
2022-06-24,Bulgaria,229.0,225.0,1,0.3,165.9,177.3
2022-06-25,Bulgaria,122.0,185.0,1,0.4,170.0,187.6
2022-06-25,Serbia,185.0,122.0,0,0.0,140.5,153.75
2022-06-25,Serbia,194.0,199.0,0,0.0,146.44444444444446,158.77777777777777
2022-06-25,Bulgaria,199.0,194.0,1,0.5,174.9,191.7
2022-06-26,Serbia,242.0,246.0,0,0.0,156.0,167.5
2022-06-26,Bulgaria,246.0,242.0,1,0.5,181.7,198.2
2022-06-26,Ireland,108.0,111.0,0,0.6,142.2,134.8
2022-06-26,India,111.0,108.0,1,0.8,172.1,149.8
2022-06-28,India,225.0,221.0,1,0.8,176.0,154.1
2022-06-28,Ireland,221.0,225.0,0,0.5,149.3,143.2
2022-06-28,Denmark,190.0,102.0,1,0.3,132.7,108.4
2022-06-28,Singapore,138.0,137.0,1,0.6,150.3,144.5
2022-06-28,Malaysia,137.0,138.0,0,0.1,144.1,174.2
2022-06-28,Hungary,102.0,190.0,0,0.5,150.5,180.7
2022-06-28,Malta,148.0,150.0,0,0.5,146.0,173.6
2022-06-28,Belgium,142.0,139.0,1,0.8,159.3,112.6
2022-06-28,Gibraltar,139.0,142.0,0,0.2,160.3,159.6
2022-06-28,Israel,108.0,155.0,0,0.0,108.0,155.0
2022-06-28,Portugal,155.0,108.0,1,0.7777777777777778,144.44444444444446,118.55555555555556
2022-06-28,Spain,150.0,148.0,1,0.7,121.9,118.4
2022-06-29,Malta,143.0,154.0,0,0.4,139.7,172.9
2022-06-29,Portugal,154.0,143.0,1,0.8,145.4,121.0
2022-06-29,Gibraltar,124.0,256.0,0,0.1,151.0,167.2
2022-06-29,Denmark,256.0,124.0,1,0.4,148.3,110.7
2022-06-29,Singapore,154.0,177.0,0,0.5,148.9,145.6
2022-06-29,Hungary,120.0,123.0,0,0.4,145.4,176.0
2022-06-29,Belgium,123.0,120.0,1,0.8,160.1,113.2
2022-06-29,Spain,115.0,114.0,1,0.8,121.2,111.8
2022-06-29,Israel,114.0,115.0,0,0.0,111.0,135.0
2022-06-29,Malaysia,177.0,154.0,1,0.2,150.7,165.7
2022-06-30,Singapore,122.0,125.0,0,0.4,145.9,143.2
2022-06-30,Malaysia,125.0,122.0,1,0.3,150.0,164.6
2022-07-01,Malta,136.0,120.0,1,0.4,139.8,171.7
2022-07-01,Israel,120.0,136.0,0,0.0,114.0,135.33333333333334
2022-07-01,Belgium,161.0,149.0,1,0.9,163.4,115.1
2022-07-01,Denmark,149.0,161.0,0,0.4,152.2,115.6
2022-07-01,Portugal,77.0,78.0,0,0.8,144.4,119.9
2022-07-01,Hungary,134.0,135.0,0,0.3,145.0,175.8
2022-07-01,Spain,78.0,77.0,1,0.8,114.8,105.6
2022-07-01,Gibraltar,135.0,134.0,1,0.2,151.2,167.2
2022-07-02,Denmark,154.0,113.0,1,0.5,158.7,117.5
2022-07-02,Spain,113.0,154.0,0,0.8,113.3,107.8
2022-07-02,Malaysia,213.0,58.0,1,0.4,153.7,151.3
2022-07-02,Bhutan,58.0,213.0,0,0.0,90.0,189.0
2022-07-02,Portugal,114.0,113.0,1,0.8,144.2,119.9
2022-07-02,Singapore,168.0,150.0,1,0.5,152.6,147.8
2022-07-02,P.N.G.,150.0,168.0,0,0.1,150.7,174.9
2022-07-02,Belgium,113.0,114.0,0,0.8,157.5,113.2
2022-07-03,Malta,196.0,190.0,1,0.4,142.8,174.2
2022-07-03,Singapore,203.0,206.0,0,0.5,157.2,152.5
2022-07-03,Gibraltar,190.0,196.0,0,0.2,152.5,169.0
2022-07-03,Bangladesh,158.0,193.0,0,0.1,120.7,120.8
2022-07-03,West Indies,193.0,158.0,1,0.4,173.8,173.1
2022-07-03,P.N.G.,206.0,203.0,1,0.2,155.3,177.8
2022-07-03,Hungary,154.0,166.0,0,0.3,144.3,171.8
2022-07-03,Bhutan,73.0,112.0,0,0.0,85.75,169.75
2022-07-03,Malaysia,112.0,73.0,1,0.5,154.0,147.3
2022-07-03,Maldives,82.0,81.0,1,0.2,97.9,126.5
2022-07-03,Thailand,81.0,82.0,0,0.1111111111111111,103.22222222222223,109.33333333333333
2022-07-03,Israel,166.0,154.0,1,0.25,127.0,140.0
2022-07-04,Denmark,111.0,110.0,1,0.6,156.6,114.4
2022-07-04,Portugal,110.0,111.0,0,0.8,143.8,116.7
2022-07-04,Malaysia,34.0,30.0,1,0.6,142.6,128.6
2022-07-04,Thailand,30.0,34.0,0,0.1,95.9,101.8
2022-07-04,Maldives,104.0,110.0,0,0.1,96.5,125.8
2022-07-04,Belgium,149.0,145.0,1,0.8,152.8,108.2
2022-07-04,Spain,145.0,149.0,0,0.7,115.8,110.8
2022-07-04,Bhutan,110.0,104.0,1,0.2,90.6,156.6
2022-07-06,Thailand,49.0,50.0,0,0.1,89.5,95.4
2022-07-06,Maldives,57.0,59.0,0,0.1,92.8,121.9
2022-07-06,Malaysia,59.0,57.0,1,0.6,130.5,117.1
2022-07-06,Bhutan,50.0,49.0,1,0.3333333333333333,83.83333333333333,138.66666666666666
2022-07-07,West Indies,169.0,163.0,1,0.5,170.0,168.6
2022-07-07,India,198.0,148.0,1,0.8,177.4,152.2
2022-07-07,Bangladesh,163.0,169.0,0,0.1,124.6,125.1
2022-07-07,England,148.0,198.0,0,0.4,161.5,165.2
2022-07-07,Thailand,73.0,74.0,0,0.1,83.8,89.7
2022-07-07,Maldives,108.0,110.0,0,0.1,94.6,113.3
2022-07-07,Bhutan,110.0,108.0,1,0.42857142857142855,87.57142857142857,134.28571428571428
2022-07-07,Malaysia,74.0,73.0,1,0.7,126.5,112.7
2022-07-08,Czech Rep.,115.0,112.0,1,0.6,175.9,161.6
2022-07-08,Luxembourg,112.0,115.0,0,0.6,141.6,144.1
2022-07-08,Bulgaria,152.0,155.0,0,0.5,181.6,197.9
2022-07-08,Serbia,155.0,152.0,1,0.1,155.9,166.6
2022-07-08,Austria,123.0,119.0,1,0.6,126.2,127.7
2022-07-08,Thailand,56.0,97.0,0,0.1,76.7,86.5
2022-07-08,Maldives,97.0,56.0,1,0.2,92.2,100.3
2022-07-08,Luxembourg,119.0,123.0,0,0.6,140.9,143.7
2022-07-09,Serbia,111.0,206.0,0,0.1,161.8,181.6
2022-07-09,Bulgaria,206.0,111.0,1,0.6,185.2,183.2
2022-07-09,Serbia,157.0,154.0,1,0.2,162.8,176.2
2022-07-09,Bulgaria,154.0,157.0,0,0.6,187.5,185.7
2022-07-09,Austria,183.0,182.0,1,0.7,140.8,131.3
2022-07-09,Czech Rep.,182.0,183.0,0,0.6,178.1,163.4
2022-07-09,Thailand,107.0,135.0,0,0.0,72.0,84.7
2022-07-09,Bhutan,135.0,107.0,1,0.5,93.5,130.875
2022-07-09,Maldives,136.0,230.0,0,0.2,92.9,110.1
2022-07-09,Malaysia,230.0,136.0,1,0.8,129.9,106.4
2022-07-09,England,121.0,170.0,0,0.3,161.0,169.7
2022-07-09,India,170.0,121.0,1,0.8,174.5,150.6
2022-07-09,Luxembourg,84.0,115.0,0,0.5,132.8,139.1
2022-07-09,Austria,115.0,84.0,1,0.7,141.9,129.4
2022-07-10,Czech Rep.,150.0,146.0,1,0.7,175.5,156.9
2022-07-10,Austria,146.0,150.0,0,0.6,136.4,134.8
2022-07-10,Luxembourg,173.0,209.0,0,0.4,132.1,142.1
2022-07-10,India,198.0,215.0,0,0.7,175.7,153.8
2022-07-10,England,215.0,198.0,1,0.3,166.2,175.8
2022-07-10,Czech Rep.,209.0,173.0,1,0.7,182.3,160.5
2022-07-11,Uganda,88.0,87.0,1,0.7,128.0,123.1
2022-07-11,Bhutan,82.0,84.0,0,0.4444444444444444,92.22222222222223,125.66666666666667
2022-07-11,Malaysia,84.0,82.0,1,0.9,124.5,92.3
2022-07-11,Jersey,154.0,159.0,0,0.9,137.6,119.1
2022-07-11,U.S.A.,159.0,154.0,1,0.8,122.7,118.3
2022-07-11,Zimbabwe,236.0,125.0,1,0.4,147.0,144.3
2022-07-11,Singapore,125.0,236.0,0,0.5,156.0,158.1
2022-07-11,Hong Kong,87.0,88.0,0,0.3,123.7,133.2
2022-07-11,Netherlands,163.0,111.0,1,0.5,140.1,145.5
2022-07-11,P.N.G.,111.0,163.0,0,0.2,153.5,181.0
2022-07-12,Zimbabwe,146.0,123.0,1,0.4,143.6,138.9
2022-07-12,Jersey,123.0,146.0,0,0.8,136.2,120.4
2022-07-12,Greece,67.0,69.0,0,0.42857142857142855,110.57142857142857,121.42857142857143
2022-07-12,Isle of Man,122.0,120.0,1,0.8333333333333334,110.0,108.5
2022-07-12,U.S.A.,201.0,69.0,1,0.8,135.8,118.6
2022-07-12,Singapore,69.0,201.0,0,0.5,152.5,159.1
2022-07-12,Italy,69.0,67.0,1,0.5,105.4,117.9
2022-07-12,Cyprus,120.0,122.0,0,0.5714285714285714,134.85714285714286,118.14285714285714
2022-07-12,Finland,115.0,103.0,1,0.6,128.7,139.4
2022-07-12,Romania,147.0,96.0,1,0.8,167.7,149.0
2022-07-12,Netherlands,117.0,116.0,1,0.5,136.0,143.4
2022-07-12,Hong Kong,116.0,117.0,0,0.3,129.2,132.6
2022-07-12,Sweden,103.0,115.0,0,0.2,122.8,131.1
2022-07-12,Turkey,96.0,147.0,0,0.0,46.0,142.6
2022-07-12,P.N.G.,161.0,160.0,1,0.3,154.8,180.5
2022-07-12,Uganda,160.0,161.0,0,0.7,128.0,123.1
2022-07-13,Cyprus,154.0,134.0,1,0.625,137.25,120.125
2022-07-13,Sweden,70.0,69.0,1,0.3,117.6,125.4
2022-07-13,Croatia,69.0,70.0,0,0.0,69.0,70.0
2022-07-13,Romania,134.0,154.0,0,0.7,160.0,146.8
2022-07-13,Finland,141.0,144.0,0,0.5,128.9,140.3
2022-07-13,Serbia,97.0,165.0,0,0.2,158.1,178.0
2022-07-13,Isle of Man,165.0,97.0,1,0.8571428571428571,117.85714285714286,106.85714285714286
2022-07-13,Italy,144.0,141.0,1,0.5,107.7,121.0
2022-07-14,Hong Kong,186.0,185.0,1,0.4,137.5,137.3
2022-07-14,P.N.G.,185.0,186.0,0,0.3,163.6,181.0
2022-07-14,Zimbabwe,185.0,139.0,1,0.4,146.8,138.2
2022-07-14,U.S.A.,139.0,185.0,0,0.8,133.9,119.8
2022-07-14,Jersey,154.0,141.0,1,0.8,137.7,124.7
2022-07-14,Uganda,90.0,187.0,0,0.6,122.3,136.8
2022-07-14,Netherlands,187.0,90.0,1,0.5,141.3,139.6
2022-07-14,Singapore,141.0,154.0,0,0.4,152.7,164.9
2022-07-15,Serbia,68.0,67.0,1,0.3,154.9,165.6
2022-07-15,Romania,120.0,121.0,0,0.6,151.8,142.3
2022-07-15,Greece,101.0,104.0,0,0.375,109.375,119.25
2022-07-15,Croatia,104.0,101.0,1,0.5,86.5,85.5
2022-07-15,P.N.G.,172.0,199.0,0,0.3,164.0,182.6
2022-07-15,Isle of Man,121.0,120.0,1,0.875,118.25,108.5
2022-07-15,Turkey,67.0,68.0,0,0.0,49.5,130.16666666666666
2022-07-15,Zimbabwe,199.0,172.0,1,0.5,154.5,143.0
2022-07-15,Italy,169.0,78.0,1,0.6,117.0,113.9
2022-07-15,U.S.A.,138.0,139.0,0,0.7,139.1,125.2
2022-07-15,Netherlands,139.0,138.0,1,0.6,141.6,139.3
2022-07-15,Singapore,146.0,147.0,0,0.3,143.4,168.5
2022-07-15,Sweden,78.0,169.0,0,0.3,111.9,128.4
2022-07-15,Uganda,110.0,105.0,1,0.6,119.2,133.3
2022-07-15,Jersey,105.0,110.0,0,0.7,138.8,126.8
2022-07-15,Hong Kong,147.0,146.0,1,0.5,137.8,136.7
2022-07-16,Cyprus,183.0,48.0,1,0.6666666666666666,142.33333333333334,112.11111111111111
2022-07-16,Turkey,48.0,183.0,0,0.0,49.285714285714285,137.71428571428572
2022-07-16,Italy,210.0,44.0,1,0.7,125.2,102.5
2022-07-16,Croatia,44.0,210.0,0,0.3333333333333333,72.33333333333333,127.0
2022-07-16,Romania,133.0,102.0,1,0.6,149.5,140.2
2022-07-16,Serbia,102.0,133.0,0,0.3,153.6,167.3
2022-07-16,Finland,183.0,146.0,1,0.5,133.0,140.8
2022-07-16,Greece,146.0,183.0,0,0.3333333333333333,113.44444444444444,126.33333333333333
2022-07-17,Jersey,141.0,140.0,1,0.7,144.3,132.3
2022-07-17,Singapore,140.0,141.0,0,0.2,140.6,167.4
2022-07-17,Netherlands,95.0,132.0,0,0.5,132.0,134.9
2022-07-17,Zimbabwe,132.0,95.0,1,0.5,154.8,139.7
2022-07-17,P.N.G.,97.0,92.0,1,0.4,156.5,173.8
2022-07-17,Hong Kong,98.0,102.0,0,0.5,132.2,130.2
2022-07-17,Uganda,102.0,98.0,1,0.6,118.0,131.9
2022-07-17,U.S.A.,92.0,97.0,0,0.6,141.5,128.5
2022-07-18,Finland,87.0,85.0,1,0.6,127.6,138.0
2022-07-18,Croatia,85.0,87.0,0,0.25,75.5,117.0
2022-07-18,Serbia,126.0,125.0,1,0.4,143.7,156.9
2022-07-18,Cyprus,125.0,126.0,0,0.6,140.6,113.5
2022-07-18,Greece,43.0,150.0,0,0.3,106.4,128.7
2022-07-18,Sweden,150.0,43.0,1,0.4,112.8,118.5
2022-07-18,Isle of Man,171.0,97.0,1,0.8888888888888888,124.11111111111111,107.22222222222223
2022-07-18,Ireland,142.0,173.0,0,0.4,149.5,146.8
2022-07-18,New Zealand,173.0,142.0,1,0.6,151.1,148.7
2022-07-18,Turkey,97.0,171.0,0,0.0,55.25,141.875
2022-07-19,Croatia,94.0,90.0,1,0.4,79.2,111.6
2022-07-19,Serbia,90.0,94.0,0,0.4,134.2,154.1
2022-07-19,Cyprus,148.0,159.0,0,0.5,142.3,116.4
2022-07-19,Finland,159.0,148.0,1,0.7,129.0,138.2
2022-07-19,Isle of Man,101.0,102.0,0,0.8,121.8,106.7
2022-07-19,Romania,104.0,106.0,0,0.6,143.4,134.2
2022-07-19,Italy,102.0,101.0,1,0.7,125.3,102.6
2022-07-19,Sweden,106.0,104.0,1,0.4,108.8,114.4
2022-07-20,New Zealand,179.0,91.0,1,0.6,157.9,146.8
2022-07-20,Ireland,91.0,179.0,0,0.4,142.1,146.9
2022-07-22,Ireland,174.0,180.0,0,0.3,146.8,153.8
2022-07-22,New Zealand,180.0,174.0,1,0.6,158.7,148.6
2022-07-24,Norway,102.0,101.0,1,0.4,115.2,113.2
2022-07-24,Czech Rep.,102.0,153.0,0,0.6,174.1,161.4
2022-07-24,France,153.0,102.0,1,0.4,120.8,121.2
2022-07-24,Bulgaria,78.0,130.0,0,0.6,176.1,177.4
2022-07-24,Luxembourg,103.0,139.0,0,0.3,129.3,143.2
2022-07-24,Estonia,101.0,102.0,0,0.0,115.33333333333333,133.33333333333334
2022-07-24,Austria,139.0,103.0,1,0.7,130.7,125.4
2022-07-24,Guernsey,130.0,78.0,1,0.5,116.1,126.5
2022-07-25,Norway,186.0,66.0,1,0.5,126.2,111.8
2022-07-25,Guernsey,131.0,114.0,1,0.5,117.4,126.7
2022-07-25,Czech Rep.,66.0,186.0,0,0.6,164.5,163.6
2022-07-25,Luxembourg,114.0,131.0,0,0.2,122.0,143.8
2022-07-25,Slovenia,73.0,214.0,0,0.0,73.0,214.0
2022-07-25,Switzerland,158.0,157.0,1,0.7142857142857143,138.14285714285714,128.85714285714286
2022-07-25,France,157.0,158.0,0,0.3333333333333333,126.83333333333333,127.33333333333333
2022-07-25,Austria,214.0,73.0,1,0.8,144.0,119.2
2022-07-27,Austria,141.0,139.0,1,0.8,145.7,121.0
2022-07-27,Guernsey,139.0,141.0,0,0.4,121.2,130.8
2022-07-27,Estonia,142.0,173.0,0,0.0,118.0,137.3
2022-07-27,Switzerland,173.0,142.0,1,0.75,142.5,130.5
2022-07-27,South Africa,193.0,234.0,0,0.6,145.5,161.0
2022-07-27,England,234.0,193.0,1,0.4,171.7,176.2
2022-07-27,France,158.0,147.0,1,0.42857142857142855,131.28571428571428,130.14285714285714
2022-07-27,Bulgaria,143.0,140.0,1,0.7,170.0,170.9
2022-07-27,Slovenia,140.0,143.0,0,0.0,106.5,178.5
2022-07-27,Scotland,157.0,225.0,0,0.3,124.9,152.2
2022-07-27,New Zealand,225.0,157.0,1,0.6,164.9,153.2
2022-07-27,Norway,147.0,158.0,0,0.5,129.7,116.3
2022-07-28,England,149.0,207.0,0,0.4,170.0,180.2
2022-07-28,South Africa,207.0,149.0,1,0.7,154.4,163.8
2022-07-28,Guernsey,60.0,55.0,1,0.5,117.2,122.6
2022-07-28,Estonia,93.0,135.0,0,0.0,114.3,137.7
2022-07-28,Slovenia,55.0,60.0,0,0.0,89.33333333333333,139.0
2022-07-28,Switzerland,25.0,174.0,0,0.6666666666666666,129.44444444444446,135.33333333333334
2022-07-28,Luxembourg,164.0,73.0,1,0.2,120.5,133.4
2022-07-28,Czech Rep.,135.0,93.0,1,0.6,152.2,155.9
2022-07-28,Norway,174.0,25.0,1,0.5,134.0,106.0
2022-07-28,Bulgaria,73.0,164.0,0,0.6,160.2,170.3
2022-07-29,West Indies,122.0,190.0,0,0.4,171.8,177.3
2022-07-29,Scotland,152.0,254.0,0,0.3,126.4,163.8
2022-07-29,New Zealand,254.0,152.0,1,0.6,177.8,156.0
2022-07-29,India,190.0,122.0,1,0.7,179.9,151.4
2022-07-29,Eswatini,123.0,124.0,0,0.0,123.0,124.0
2022-07-29,Mozambique,60.0,59.0,1,0.3,128.1,126.2
2022-07-29,Eswatini,59.0,60.0,0,0.0,91.0,92.0
2022-07-29,Mozambique,124.0,123.0,1,0.4,123.6,121.5
2022-07-30,Austria,206.0,48.0,1,0.8,152.2,115.5
2022-07-30,Mozambique,64.0,61.0,1,0.5,115.6,113.1
2022-07-30,Eswatini,61.0,64.0,0,0.0,81.0,82.66666666666667
2022-07-30,Eswatini,95.0,190.0,0,0.0,84.5,109.5
2022-07-30,Mozambique,190.0,95.0,1,0.6,122.9,108.4
2022-07-30,Bulgaria,48.0,206.0,0,0.5,142.1,168.4
2022-07-30,Czech Rep.,184.0,183.0,1,0.7,153.9,154.9
2022-07-30,Bangladesh,188.0,205.0,0,0.1,129.5,131.4
2022-07-30,Zimbabwe,205.0,188.0,1,0.6,159.6,142.4
2022-07-30,Slovenia,124.0,129.0,0,0.0,98.0,136.5
2022-07-30,Luxembourg,129.0,124.0,1,0.3,121.1,130.2
2022-07-30,Estonia,124.0,183.0,0,0.0,116.5,145.5
2022-07-30,France,183.0,124.0,1,0.5,137.75,129.375
2022-07-30,Switzerland,183.0,184.0,0,0.6,134.8,140.2
2022-07-31,South Africa,191.0,101.0,1,0.7,159.1,159.6
2022-07-31,Bulgaria,117.0,118.0,0,0.4,141.6,161.7
2022-07-31,Czech Rep.,118.0,117.0,1,0.7,148.2,149.7
2022-07-31,Mozambique,207.0,113.0,1,0.7,130.9,105.5
2022-07-31,Guernsey,153.0,97.0,1,0.5,119.9,120.3
2022-07-31,England,101.0,191.0,0,0.4,169.8,188.9
2022-07-31,Switzerland,108.0,115.0,0,0.5,137.4,143.6
2022-07-31,Eswatini,113.0,207.0,0,0.0,90.2,129.0
2022-07-31,Bangladesh,136.0,135.0,1,0.2,134.7,136.3
2022-07-31,Luxembourg,115.0,108.0,1,0.4,124.6,125.2
2022-07-31,Mozambique,164.0,121.0,1,0.7,136.9,110.1
2022-07-31,Eswatini,121.0,164.0,0,0.0,95.33333333333333,134.83333333333334
2022-07-31,France,97.0,153.0,0,0.4444444444444444,133.22222222222223,132.0
2022-07-31,Zimbabwe,135.0,136.0,0,0.6,163.6,143.3
2022-07-31,Austria,77.0,77.0,1,0.8,146.6,110.0
2022-07-31,Norway,77.0,77.0,0,0.5,129.0,104.1
2022-08-01,India,138.0,141.0,0,0.7,172.6,144.3
2022-08-01,West Indies,141.0,138.0,1,0.5,168.9,174.0
2022-08-02,West Indies,164.0,165.0,0,0.4,162.9,170.1
2022-08-02,India,165.0,164.0,1,0.8,174.3,145.8
2022-08-02,Zimbabwe,156.0,146.0,1,0.7,163.3,141.9
2022-08-02,Bangladesh,146.0,156.0,0,0.2,142.0,144.1
2022-08-03,South Africa,211.0,190.0,1,0.7,165.6,164.4
2022-08-03,Ireland,190.0,211.0,0,0.3,151.9,159.2
2022-08-04,New Zealand,148.0,132.0,1,0.6,175.9,152.6
2022-08-04,Netherlands,132.0,148.0,0,0.4,124.3,129.1
2022-08-05,South Africa,182.0,138.0,1,0.7,175.2,169.8
2022-08-05,Netherlands,147.0,149.0,0,0.4,129.4,120.2
2022-08-05,New Zealand,149.0,147.0,1,0.7,173.6,150.0
2022-08-05,Ireland,138.0,182.0,0,0.2,149.9,163.7
2022-08-06,West Indies,132.0,191.0,0,0.4,160.2,169.9
2022-08-06,India,191.0,132.0,1,0.8,175.5,145.9
2022-08-07,India,188.0,100.0,1,0.8,177.4,147.2
2022-08-07,West Indies,100.0,188.0,0,0.3,152.3,172.5
2022-08-09,Afghanistan,168.0,171.0,0,0.5,141.3,142.0
2022-08-09,Ireland,171.0,168.0,1,0.2,155.9,169.8
2022-08-10,New Zealand,185.0,172.0,1,0.8,175.7,150.6
2022-08-10,West Indies,172.0,185.0,0,0.3,153.8,174.8
2022-08-11,Afghanistan,122.0,125.0,0,0.5,138.8,139.7
2022-08-11,Ireland,125.0,122.0,1,0.2,151.9,171.1
2022-08-12,Afghanistan,189.0,167.0,1,0.5,141.7,146.6
2022-08-12,Ireland,167.0,189.0,0,0.2,152.7,174.0
2022-08-12,New Zealand,215.0,125.0,1,0.9,181.9,147.6
2022-08-12,West Indies,125.0,215.0,0,0.3,148.5,177.7
2022-08-13,Kuwait,209.0,189.0,1,0.6,138.6,142.1
2022-08-13,Bahrain,189.0,209.0,0,0.6,145.7,138.6
2022-08-14,Bahrain,153.0,154.0,0,0.5,147.6,140.7
2022-08-14,Kuwait,154.0,153.0,1,0.6,142.6,146.1
2022-08-14,New Zealand,145.0,150.0,0,0.9,185.3,144.2
2022-08-14,West Indies,150.0,145.0,1,0.4,146.8,173.8
2022-08-15,Ireland,105.0,132.0,0,0.2,152.4,176.1
2022-08-15,Afghanistan,132.0,105.0,1,0.6,140.5,136.1
2022-08-16,Bahrain,164.0,167.0,0,0.5,151.6,144.5
2022-08-16,Kuwait,167.0,164.0,1,0.7,145.4,143.9
2022-08-17,Afghanistan,95.0,56.0,0,0.6,137.6,129.2
2022-08-17,Ireland,56.0,95.0,1,0.3,135.9,163.1
2022-08-17,Kuwait,186.0,84.0,1,0.7,153.1,141.5
2022-08-17,Bahrain,84.0,186.0,0,0.4,150.7,154.3
2022-08-20,Hong Kong,148.0,140.0,1,0.6,129.9,126.6
2022-08-20,Singapore,140.0,148.0,0,0.1,140.8,168.5
2022-08-21,Kuwait,177.0,173.0,1,0.7,149.8,146.5
2022-08-21,U.A.E.,173.0,177.0,0,0.7,169.9,155.2
2022-08-22,U.A.E.,160.0,113.0,1,0.7,172.0,153.1
2022-08-22,Singapore,113.0,160.0,0,0.1,136.7,166.8
2022-08-23,Kuwait,151.0,153.0,0,0.7,155.2,141.9
2022-08-23,Hong Kong,153.0,151.0,1,0.6,129.8,130.6
2022-08-24,U.A.E.,147.0,149.0,0,0.6,167.5,151.3
2022-08-24,Hong Kong,149.0,147.0,1,0.6,136.9,137.6
2022-08-24,Singapore,104.0,105.0,0,0.1,134.9,164.8
2022-08-24,Kuwait,105.0,104.0,1,0.7,152.8,139.9
2022-08-25,Nepal,133.0,130.0,1,0.9,152.3,125.8
2022-08-25,Kenya,130.0,133.0,0,0.4,130.4,131.6
2022-08-26,Kenya,132.0,114.0,1,0.5,132.9,129.7
2022-08-26,Nepal,114.0,132.0,0,0.8,141.9,130.8
2022-08-27,Sri Lanka,105.0,106.0,0,0.2,141.5,149.6
2022-08-27,Afghanistan,106.0,105.0,1,0.7,138.8,124.2
2022-08-28,India,148.0,147.0,1,0.8,181.1,151.1
2022-08-28,Kenya,156.0,160.0,0,0.5,136.2,133.1
2022-08-28,Nepal,160.0,156.0,1,0.8,149.8,138.4
2022-08-28,Pakistan,147.0,148.0,0,0.7,162.2,147.1
2022-08-29,Nepal,94.0,101.0,0,0.8,148.5,131.0
2022-08-29,Kenya,101.0,94.0,1,0.6,134.9,130.5
2022-08-30,Nepal,175.0,144.0,1,0.8,157.0,136.7
2022-08-30,Kenya,144.0,175.0,0,0.6,135.5,129.3
2022-08-30,Bangladesh,127.0,131.0,0,0.2,142.0,144.0
2022-08-30,Afghanistan,131.0,127.0,1,0.7,139.8,125.4
2022-08-31,India,192.0,152.0,1,0.8,177.8,144.2
2022-08-31,Hong Kong,152.0,192.0,0,0.6,136.9,140.0
2022-09-01,Sri Lanka,184.0,183.0,1,0.3,147.8,155.5
2022-09-01,Bangladesh,183.0,184.0,0,0.2,149.5,151.5
2022-09-02,Hong Kong,38.0,193.0,0,0.5,127.4,146.1
2022-09-02,Pakistan,193.0,38.0,1,0.7,162.6,139.2
2022-09-03,Afghanistan,175.0,179.0,0,0.6,141.3,127.4
2022-09-03,Sri Lanka,179.0,175.0,1,0.4,151.8,158.7
2022-09-04,India,181.0,182.0,0,0.7,176.1,147.6
2022-09-04,Pakistan,182.0,181.0,1,0.8,163.2,139.6
2022-09-06,India,173.0,174.0,0,0.6,176.4,152.9
2022-09-06,Sri Lanka,174.0,173.0,1,0.4,153.7,160.6
2022-09-07,Afghanistan,129.0,131.0,0,0.5,137.2,125.6
2022-09-07,Pakistan,131.0,129.0,1,0.8,163.1,139.8
2022-09-08,Afghanistan,111.0,212.0,0,0.4,135.8,137.8
2022-09-08,India,212.0,111.0,1,0.7,177.8,142.5
2022-09-09,Vanuatu,173.0,117.0,1,0.4,139.2,142.7
2022-09-09,Fiji,117.0,173.0,0,0.0,117.0,173.0
2022-09-09,Cook Islands,110.0,112.0,0,0.0,110.0,112.0
2022-09-09,Samoa,112.0,110.0,1,0.4,114.4,109.8
2022-09-09,Pakistan,121.0,124.0,0,0.7,164.3,141.4
2022-09-09,Sri Lanka,124.0,121.0,1,0.5,152.4,152.8
2022-09-10,Vanuatu,123.0,122.0,1,0.5,143.8,147.1
2022-09-10,Samoa,122.0,123.0,0,0.3333333333333333,115.66666666666667,112.0
2022-09-10,Cook Islands,142.0,143.0,0,0.0,126.0,127.5
2022-09-10,Fiji,143.0,142.0,1,0.5,130.0,157.5
2022-09-11,Sri Lanka,170.0,147.0,1,0.6,151.1,148.9
2022-09-11,Pakistan,147.0,170.0,0,0.6,166.3,146.0
2022-09-11,Samoa,142.0,145.0,0,0.2857142857142857,119.42857142857143,116.71428571428571
2022-09-11,Fiji,145.0,142.0,1,0.6666666666666666,135.0,152.33333333333334
2022-09-11,Vanuatu,127.0,128.0,0,0.5,141.8,145.1
2022-09-11,Cook Islands,128.0,127.0,1,0.3333333333333333,126.66666666666667,127.33333333333333
2022-09-13,Cook Islands,158.0,157.0,1,0.5,134.5,134.75
2022-09-13,Samoa,157.0,158.0,0,0.25,124.125,121.875
2022-09-13,Vanuatu,167.0,149.0,1,0.5,140.5,145.2
2022-09-13,Fiji,149.0,167.0,0,0.5,138.5,156.0
2022-09-14,Samoa,120.0,122.0,0,0.2222222222222222,123.66666666666667,121.88888888888889
2022-09-14,Vanuatu,122.0,120.0,1,0.6,140.5,139.1
2022-09-14,Fiji,147.0,150.0,0,0.4,140.2,154.8
2022-09-14,Cook Islands,150.0,147.0,1,0.6,137.6,137.2
2022-09-15,Malawi,77.0,76.0,1,0.7,113.2,105.5
2022-09-15,Cameroon,76.0,77.0,0,0.0,63.2,134.0
2022-09-15,Botswana,103.0,107.0,0,0.3,104.9,122.9
2022-09-15,Uganda,107.0,103.0,1,0.6,116.9,129.9
2022-09-15,Vanuatu,160.0,123.0,1,0.7,146.0,137.7
2022-09-15,Samoa,117.0,147.0,0,0.2,123.0,124.4
2022-09-15,Fiji,147.0,117.0,1,0.5,141.33333333333334,148.5
2022-09-15,Cook Islands,123.0,160.0,0,0.5,135.16666666666666,141.0
2022-09-16,Ghana,154.0,126.0,1,0.8,130.7,115.5
2022-09-16,Mozambique,126.0,154.0,0,0.7,134.0,101.3
2022-09-16,Kenya,161.0,109.0,1,0.6,135.5,124.2
2022-09-16,Malawi,109.0,161.0,0,0.6,109.9,109.9
2022-09-17,Tanzania,159.0,155.0,1,0.7,139.5,109.4
2022-09-17,Kenya,155.0,159.0,0,0.5,137.4,127.1
2022-09-17,Cameroon,77.0,78.0,0,0.0,65.5,124.66666666666667
2022-09-17,Tanzania,78.0,77.0,1,0.7,136.9,107.2
2022-09-18,Ghana,135.0,146.0,0,0.8,136.3,116.5
2022-09-18,Uganda,162.0,124.0,1,0.6,125.7,135.5
2022-09-18,Mozambique,124.0,162.0,0,0.6,125.5,113.7
2022-09-18,Botswana,146.0,135.0,1,0.4,114.9,131.4
2022-09-19,Kenya,50.0,48.0,1,0.5,132.0,121.8
2022-09-19,Cameroon,48.0,50.0,0,0.0,63.0,114.0
2022-09-19,Botswana,185.0,93.0,1,0.5,123.4,121.4
2022-09-19,Mozambique,93.0,185.0,0,0.6,125.2,122.5
2022-09-20,Australia,211.0,208.0,1,0.8,155.3,150.8
2022-09-20,Ghana,133.0,135.0,0,0.7,133.0,127.0
2022-09-20,Uganda,135.0,133.0,1,0.7,126.5,136.0
2022-09-20,Tanzania,170.0,126.0,1,0.7,129.9,113.6
2022-09-20,Malawi,126.0,170.0,0,0.5,108.3,114.2
2022-09-20,Pakistan,158.0,160.0,0,0.5,162.1,148.3
2022-09-20,England,160.0,158.0,1,0.4,168.7,187.7
2022-09-20,India,208.0,211.0,0,0.6,179.6,151.4
2022-09-21,Kenya,105.0,107.0,0,0.4,125.7,121.7
2022-09-21,Uganda,107.0,105.0,1,0.7,119.4,128.8
2022-09-21,Botswana,146.0,149.0,0,0.5,126.4,112.3
2022-09-21,Tanzania,149.0,146.0,1,0.7,130.5,114.2
2022-09-22,England,199.0,203.0,0,0.4,168.2,185.6
2022-09-22,Pakistan,203.0,199.0,1,0.5,165.2,151.9
2022-09-22,Tanzania,174.0,175.0,0,0.6,129.2,117.9
2022-09-22,Uganda,175.0,174.0,1,0.8,123.6,127.7
2022-09-23,India,92.0,90.0,1,0.7,175.0,146.3
2022-09-23,Australia,90.0,92.0,0,0.7,147.0,142.8
2022-09-23,Pakistan,158.0,221.0,0,0.4,160.2,153.3
2022-09-23,England,221.0,158.0,1,0.4,171.0,185.5
2022-09-25,Australia,186.0,187.0,0,0.6,150.7,149.3
2022-09-25,India,187.0,186.0,1,0.7,177.2,148.5
2022-09-25,Bangladesh,158.0,151.0,1,0.3,152.9,153.9
2022-09-25,U.A.E.,151.0,158.0,0,0.5,164.8,150.6
2022-09-25,Pakistan,166.0,163.0,1,0.5,160.6,153.3
2022-09-25,England,163.0,166.0,0,0.4,171.1,184.2
2022-09-27,U.A.E.,137.0,169.0,0,0.5,162.1,151.0
2022-09-27,Bangladesh,169.0,137.0,1,0.3,154.3,158.2
2022-09-28,Pakistan,145.0,139.0,1,0.6,160.4,152.4
2022-09-28,England,139.0,145.0,0,0.4,170.2,178.9
2022-09-28,South Africa,106.0,110.0,0,0.6,166.9,162.9
2022-09-28,India,110.0,106.0,1,0.7,169.1,145.9
2022-09-30,Pakistan,169.0,170.0,0,0.5,158.0,165.6
2022-09-30,England,170.0,169.0,1,0.5,175.1,178.8
2022-10-02,South Africa,221.0,237.0,0,0.5,167.8,165.5
2022-10-02,India,237.0,221.0,1,0.7,174.0,158.0
2022-10-02,England,209.0,142.0,1,0.5,174.5,173.2
2022-10-02,Pakistan,142.0,209.0,0,0.4,154.0,168.4
2022-10-04,South Africa,227.0,178.0,1,0.5,175.6,168.5
2022-10-04,India,178.0,227.0,0,0.6,177.0,166.0
2022-10-05,West Indies,145.0,146.0,0,0.3,142.0,172.6
2022-10-05,Australia,146.0,145.0,1,0.6,152.9,151.7
2022-10-07,Bangladesh,146.0,167.0,0,0.3,157.4,162.8
2022-10-07,Pakistan,167.0,146.0,1,0.4,157.6,170.1
2022-10-07,Australia,178.0,147.0,1,0.6,156.4,152.5
2022-10-07,West Indies,147.0,178.0,0,0.2,139.8,174.1
2022-10-08,New Zealand,147.0,149.0,0,0.8,182.7,144.9
2022-10-08,Pakistan,149.0,147.0,1,0.5,160.4,172.4
2022-10-09,Japan,143.0,78.0,1,1.0,143.0,78.0
2022-10-09,England,208.0,200.0,1,0.5,171.9,173.9
2022-10-09,Australia,200.0,208.0,0,0.6,161.0,157.8
2022-10-09,Bangladesh,137.0,142.0,0,0.3,155.3,157.7
2022-10-09,New Zealand,142.0,137.0,1,0.8,179.0,149.5
2022-10-09,Indonesia,78.0,143.0,0,0.0,78.0,143.0
2022-10-10,Japan,179.0,104.0,1,1.0,161.0,91.0
2022-10-10,Indonesia,104.0,179.0,0,0.0,91.0,161.0
2022-10-11,New Zealand,131.0,130.0,1,0.8,174.1,145.1
2022-10-11,Pakistan,130.0,131.0,0,0.5,158.7,168.5
2022-10-11,Japan,79.0,82.0,0,0.6666666666666666,133.66666666666666,88.0
2022-10-11,Indonesia,82.0,79.0,1,0.3333333333333333,88.0,133.66666666666666
2022-10-12,New Zealand,208.0,160.0,1,0.8,172.4,145.4
2022-10-12,Bangladesh,160.0,208.0,0,0.3,155.0,161.6
2022-10-12,England,178.0,170.0,1,0.6,174.8,170.2
2022-10-12,Australia,170.0,178.0,0,0.5,161.7,159.4
2022-10-13,Bangladesh,173.0,177.0,0,0.3,153.5,158.8
2022-10-13,Pakistan,177.0,173.0,1,0.6,160.6,169.8
2022-10-14,New Zealand,163.0,168.0,0,0.7,163.3,147.0
2022-10-14,Pakistan,168.0,163.0,1,0.6,157.1,166.2
2022-10-15,Japan,218.0,170.0,1,0.75,154.75,108.5
2022-10-15,South Korea,170.0,218.0,0,0.0,170.0,218.0
2022-10-15,Indonesia,130.0,66.0,1,0.5,98.5,116.75
2022-10-15,South Korea,66.0,130.0,0,0.0,118.0,174.0
2022-10-16,U.A.E.,111.0,112.0,0,0.4,157.5,148.3
2022-10-16,Netherlands,112.0,111.0,1,0.5,130.0,120.6
2022-10-16,Japan,84.0,83.0,1,0.8,140.6,103.4
2022-10-16,Sri Lanka,108.0,163.0,0,0.6,147.3,150.4
2022-10-16,Namibia,163.0,108.0,1,0.6,147.1,133.8
2022-10-16,Indonesia,83.0,84.0,0,0.4,95.4,110.2
2022-10-17,West Indies,118.0,160.0,0,0.2,139.4,171.1
2022-10-17,Zimbabwe,174.0,143.0,1,0.8,165.8,139.2
2022-10-17,Ireland,143.0,174.0,0,0.3,136.0,163.2
2022-10-17,South Korea,91.0,95.0,0,0.0,109.0,147.66666666666666
2022-10-17,Japan,95.0,91.0,1,0.8333333333333334,133.0,101.33333333333333
2022-10-17,Scotland,160.0,118.0,1,0.3,128.4,162.2
2022-10-18,Netherlands,122.0,121.0,1,0.6,125.8,116.1
2022-10-18,Namibia,121.0,122.0,0,0.6,146.0,132.4
2022-10-18,U.A.E.,73.0,152.0,0,0.3,145.7,146.8
2022-10-18,South Korea,98.0,99.0,0,0.0,106.25,135.5
2022-10-18,Indonesia,104.0,103.0,1,0.5,96.83333333333333,109.0
2022-10-18,Japan,103.0,104.0,0,0.7142857142857143,128.71428571428572,101.71428571428571
2022-10-18,Sri Lanka,152.0,73.0,1,0.7,149.7,144.3
2022-10-18,Indonesia,99.0,98.0,1,0.5714285714285714,97.14285714285714,107.42857142857143
2022-10-19,Zimbabwe,122.0,153.0,0,0.8,169.0,142.0
2022-10-19,West Indies,153.0,122.0,1,0.2,140.6,169.5
2022-10-19,Ireland,180.0,176.0,1,0.4,144.9,162.9
2022-10-19,Scotland,176.0,180.0,0,0.2,129.5,165.4
2022-10-20,U.A.E.,148.0,141.0,1,0.4,143.5,143.7
2022-10-20,Namibia,141.0,148.0,0,0.5,147.3,134.5
2022-10-20,Sri Lanka,162.0,146.0,1,0.8,153.5,146.3
2022-10-20,Netherlands,146.0,162.0,0,0.6,136.0,127.8
2022-10-21,West Indies,146.0,150.0,0,0.2,138.8,168.0
2022-10-21,Ireland,150.0,146.0,1,0.5,142.5,159.5
2022-10-21,Scotland,132.0,133.0,0,0.1,130.4,166.5
2022-10-21,Zimbabwe,133.0,132.0,1,0.8,158.7,142.7
2022-10-22,New Zealand,200.0,111.0,1,0.7,168.5,144.9
2022-10-22,Australia,111.0,200.0,0,0.4,159.4,166.6
2022-10-22,Afghanistan,112.0,113.0,0,0.4,130.2,132.0
2022-10-22,England,113.0,112.0,1,0.7,176.0,162.3
2022-10-23,Ireland,128.0,133.0,0,0.5,136.3,151.7
2022-10-23,Sri Lanka,133.0,128.0,1,0.8,149.1,141.5
2022-10-23,Pakistan,159.0,160.0,0,0.6,157.2,160.1
2022-10-23,India,160.0,159.0,1,0.6,173.8,166.7
2022-10-24,Bangladesh,144.0,135.0,1,0.3,154.3,158.8
2022-10-24,Netherlands,135.0,144.0,0,0.5,133.2,131.1
2022-10-25,Sri Lanka,157.0,158.0,0,0.8,154.3,146.7
2022-10-25,Australia,158.0,157.0,1,0.4,162.6,169.9
2022-10-26,Ireland,157.0,105.0,1,0.6,138.2,144.0
2022-10-26,England,105.0,157.0,0,0.6,170.5,162.2
2022-10-27,Bangladesh,101.0,205.0,0,0.3,149.8,163.7
2022-10-27,South Africa,205.0,101.0,1,0.6,183.0,160.7
2022-10-27,Netherlands,123.0,179.0,0,0.4,133.8,137.4
2022-10-27,Zimbabwe,130.0,129.0,1,0.8,157.1,143.3
2022-10-27,Pakistan,129.0,130.0,0,0.5,153.5,156.8
2022-10-27,India,179.0,123.0,1,0.7,173.6,160.8
2022-10-29,New Zealand,167.0,102.0,1,0.7,170.3,140.4
2022-10-29,Sri Lanka,102.0,167.0,0,0.7,146.1,145.1
2022-10-30,Bangladesh,150.0,147.0,1,0.4,152.1,165.3
2022-10-30,South Africa,137.0,133.0,1,0.7,188.0,157.1
2022-10-30,Zimbabwe,147.0,150.0,0,0.7,153.3,144.4
2022-10-30,Pakistan,95.0,91.0,1,0.5,148.5,152.0
2022-10-30,Netherlands,91.0,95.0,0,0.3,124.2,137.9
2022-10-30,India,133.0,137.0,0,0.7,169.6,157.1
2022-10-31,Tanzania,137.0,83.0,1,0.6,131.2,114.8
2022-10-31,Rwanda,83.0,137.0,0,0.3,114.1,123.8
2022-10-31,Australia,179.0,137.0,1,0.5,162.9,165.9
2022-10-31,Ireland,137.0,179.0,0,0.5,134.8,145.1
2022-11-01,Afghanistan,144.0,148.0,0,0.4,132.4,134.3
2022-11-01,Sri Lanka,148.0,144.0,1,0.7,143.0,142.0
2022-11-01,Tanzania,130.0,109.0,1,0.7,134.1,115.3
2022-11-01,Rwanda,109.0,130.0,0,0.3,111.1,122.5
2022-11-01,England,179.0,159.0,1,0.7,168.5,157.8
2022-11-01,New Zealand,159.0,179.0,0,0.6,167.7,141.1
2022-11-02,Bangladesh,145.0,184.0,0,0.4,148.3,165.3
2022-11-02,India,184.0,145.0,1,0.7,166.8,160.5
2022-11-02,Netherlands,120.0,117.0,1,0.3,122.3,135.8
2022-11-02,Zimbabwe,117.0,120.0,0,0.6,145.1,139.2
2022-11-03,Pakistan,185.0,108.0,1,0.6,150.1,145.8
2022-11-03,South Africa,108.0,185.0,0,0.7,179.5,152.2
2022-11-04,Afghanistan,164.0,168.0,0,0.3,129.9,134.4
2022-11-04,Australia,168.0,164.0,1,0.5,158.6,161.5
2022-11-04,Rwanda,91.0,168.0,0,0.3,117.2,122.7
2022-11-04,Tanzania,168.0,91.0,1,0.8,136.9,110.3
2022-11-04,Germany,109.0,107.0,1,0.6,123.8,120.9
2022-11-04,Italy,107.0,109.0,0,0.7,126.2,99.6
2022-11-04,Germany,149.0,146.0,1,0.7,122.0,116.4
2022-11-04,Italy,146.0,149.0,0,0.7,130.5,104.1
2022-11-04,Ireland,150.0,185.0,0,0.4,137.3,151.4
2022-11-04,New Zealand,185.0,150.0,1,0.6,164.7,143.6
2022-11-05,Spain,95.0,131.0,0,0.6,113.7,112.4
2022-11-05,Germany,131.0,95.0,1,0.8,124.4,114.8
2022-11-05,Tanzania,97.0,96.0,1,0.8,133.0,113.2
2022-11-05,Rwanda,96.0,97.0,0,0.2,113.2,124.5
2022-11-05,Sri Lanka,141.0,144.0,0,0.6,139.7,139.1
2022-11-05,Spain,165.0,161.0,1,0.6,117.3,120.7
2022-11-05,Italy,161.0,165.0,0,0.6,132.5,107.4
2022-11-05,England,144.0,141.0,1,0.7,160.8,156.1
2022-11-06,Germany,127.0,132.0,0,0.8,124.0,114.8
2022-11-06,Spain,127.0,160.0,0,0.5,122.0,128.9
2022-11-06,Tanzania,84.0,83.0,1,0.9,134.6,114.1
2022-11-06,Rwanda,83.0,84.0,0,0.2,106.8,118.1
2022-11-06,Spain,132.0,127.0,1,0.5,122.7,133.2
2022-11-06,Italy,160.0,127.0,1,0.7,138.5,109.7
2022-11-06,India,186.0,115.0,1,0.8,164.6,150.9
2022-11-06,Pakistan,128.0,127.0,1,0.7,148.7,137.6
2022-11-06,Bangladesh,127.0,128.0,0,0.3,145.2,163.0
2022-11-06,South Africa,145.0,158.0,0,0.6,173.3,153.1
2022-11-06,Zimbabwe,115.0,186.0,0,0.5,143.4,148.3
2022-11-06,Netherlands,158.0,145.0,1,0.4,128.6,137.1
2022-11-09,New Zealand,152.0,153.0,0,0.6,165.4,143.9
2022-11-09,Pakistan,153.0,152.0,1,0.7,147.3,138.2
2022-11-10,India,168.0,170.0,0,0.7,172.2,158.9
2022-11-10,England,170.0,168.0,1,0.8,161.5,156.3
2022-11-13,England,138.0,137.0,1,0.9,161.4,155.5
2022-11-13,Pakistan,137.0,138.0,0,0.6,146.1,137.3
2022-11-14,Saudi Arabia,86.0,90.0,0,0.5,125.1,127.5
2022-11-14,Oman,90.0,86.0,1,0.4,112.2,121.3
2022-11-14,Bahrain,195.0,199.0,0,0.3,152.3,158.1
2022-11-14,Canada,199.0,195.0,1,0.8,169.5,117.1
2022-11-15,Canada,194.0,128.0,1,0.8,165.5,121.0
2022-11-15,Saudi Arabia,128.0,194.0,0,0.4,121.6,131.2
2022-11-15,Oman,134.0,139.0,0,0.4,113.4,122.9
2022-11-15,Bahrain,139.0,134.0,1,0.3,155.5,160.9
2022-11-16,Canada,191.0,190.0,1,0.8,165.9,125.9
2022-11-16,Oman,190.0,191.0,0,0.4,118.9,128.3
2022-11-16,Bahrain,170.0,117.0,1,0.4,158.8,156.8
2022-11-16,Saudi Arabia,117.0,170.0,0,0.3,119.6,134.7
2022-11-17,Lesotho,138.0,107.0,1,0.16666666666666666,109.83333333333333,137.0
2022-11-17,Mali,107.0,138.0,0,0.0,107.0,138.0
2022-11-17,Botswana,106.0,108.0,0,0.5,127.4,105.7
2022-11-17,Rwanda,108.0,106.0,1,0.3,102.3,113.0
2022-11-17,Saudi Arabia,114.0,118.0,0,0.3,119.7,135.1
2022-11-17,Oman,118.0,114.0,1,0.5,117.0,125.7
2022-11-17,Canada,160.0,164.0,0,0.7,170.4,131.4
2022-11-17,Bahrain,164.0,160.0,1,0.4,158.0,155.8
2022-11-18,St Helena,76.0,130.0,0,0.0,76.0,130.0
2022-11-18,Rwanda,130.0,76.0,1,0.4,109.0,103.7
2022-11-18,Lesotho,91.0,97.0,0,0.14285714285714285,107.14285714285714,131.28571428571428
2022-11-18,Botswana,97.0,91.0,1,0.6,128.6,106.2
2022-11-19,Canada,171.0,126.0,1,0.7,163.0,140.3
2022-11-19,Saudi Arabia,126.0,171.0,0,0.2,125.0,145.0
2022-11-19,Oman,220.0,114.0,1,0.5,122.5,120.7
2022-11-19,Bahrain,114.0,220.0,0,0.3,150.3,167.8
2022-11-20,Rwanda,87.0,90.0,0,0.3,98.1,110.4
2022-11-20,Saudi Arabia,115.0,112.0,1,0.3,122.7,141.2
2022-11-20,Bahrain,112.0,115.0,0,0.3,148.4,166.1
2022-11-20,Canada,170.0,169.0,1,0.7,158.4,147.4
2022-11-20,Oman,169.0,170.0,0,0.5,131.6,126.0
2022-11-20,Kenya,90.0,87.0,1,0.5,122.4,118.6
2022-11-20,Malawi,144.0,143.0,1,0.6,115.2,118.1
2022-11-20,Seychelles,152.0,153.0,0,0.2857142857142857,103.14285714285714,144.28571428571428
2022-11-20,New Zealand,126.0,191.0,0,0.6,163.3,148.1
2022-11-20,India,191.0,126.0,1,0.7,172.6,152.9
2022-11-20,Kenya,34.0,30.0,1,0.6,112.8,108.3
2022-11-20,Mali,30.0,34.0,0,0.0,68.5,86.0
2022-11-20,Lesotho,153.0,152.0,1,0.25,112.875,133.875
2022-11-20,Botswana,143.0,144.0,0,0.5,127.2,112.1
2022-11-21,Malawi,97.0,159.0,0,0.6,115.1,123.9
2022-11-21,Rwanda,159.0,97.0,1,0.4,102.5,106.2
2022-11-21,Malawi,165.0,91.0,1,0.6,121.7,123.3
2022-11-21,Lesotho,70.0,237.0,0,0.2222222222222222,108.11111111111111,145.33333333333334
2022-11-21,Kenya,237.0,70.0,1,0.6,123.3,103.9
2022-11-21,Mali,91.0,165.0,0,0.0,76.0,112.33333333333333
2022-11-21,St Helena,125.0,123.0,1,0.5,100.5,126.5
2022-11-21,Canada,139.0,137.0,1,0.8,156.8,145.2
2022-11-21,Oman,137.0,139.0,0,0.4,129.4,124.4
2022-11-21,Seychelles,123.0,125.0,0,0.25,105.625,141.875
2022-11-21,Bahrain,123.0,155.0,0,0.3,141.8,160.7
2022-11-21,Saudi Arabia,155.0,123.0,1,0.3,128.1,143.7
2022-11-22,St Helena,126.0,81.0,1,0.6666666666666666,109.0,111.33333333333333
2022-11-22,Lesotho,81.0,126.0,0,0.2,105.4,143.4
2022-11-22,Mali,37.0,38.0,0,0.0,66.25,93.75
2022-11-22,Botswana,38.0,37.0,1,0.5,125.6,110.7
2022-11-24,St Helena,37.0,39.0,0,0.5,91.0,93.25
2022-11-24,Malawi,39.0,37.0,1,0.7,116.1,117.4
2022-11-24,Rwanda,122.0,47.0,1,0.4,106.8,103.2
2022-11-24,Seychelles,47.0,122.0,0,0.2222222222222222,99.11111111111111,139.66666666666666
2022-11-24,Botswana,116.0,122.0,0,0.4,122.0,112.9
2022-11-24,Kenya,122.0,116.0,1,0.7,119.9,99.5
2022-11-24,Mali,30.0,34.0,0,0.0,59.0,81.8
2022-11-24,Rwanda,34.0,30.0,1,0.5,101.9,92.5
2022-11-25,Seychelles,94.0,82.0,0,0.2,98.6,133.9
2022-11-25,Lesotho,67.0,185.0,0,0.2,98.1,142.5
2022-11-25,Kenya,82.0,94.0,1,0.7,118.0,99.5
2022-11-25,St Helena,105.0,165.0,0,0.4,93.8,107.6
2022-11-25,Botswana,165.0,105.0,1,0.5,124.5,109.1
2022-11-25,Malawi,185.0,67.0,1,0.7,120.4,112.0
2022-12-01,Mozambique,86.0,87.0,0,0.6,123.8,116.0
2022-12-01,Nigeria,87.0,86.0,1,0.4,97.7,115.7
2022-12-01,Gambia,122.0,123.0,0,0.0,122.0,123.0
2022-12-01,Eswatini,123.0,122.0,1,0.14285714285714285,99.28571428571429,133.0
2022-12-01,Ghana,176.0,151.0,1,0.7,135.8,127.4
2022-12-01,Eswatini,151.0,176.0,0,0.125,105.75,138.375
2022-12-01,Sierra Leone,57.0,47.0,0,0.3,83.6,102.5
2022-12-01,Tanzania,47.0,57.0,1,0.9,123.4,104.3
2022-12-02,Mozambique,151.0,150.0,1,0.6,132.9,125.1
2022-12-02,Eswatini,150.0,151.0,0,0.1111111111111111,110.66666666666667,139.77777777777777
2022-12-02,Sierra Leone,150.0,146.0,1,0.3,88.6,107.2
2022-12-02,Cameroon,146.0,150.0,0,0.0,73.375,118.5
2022-12-02,Ghana,111.0,115.0,0,0.6,131.2,123.6
2022-12-02,Sierra Leone,62.0,63.0,0,0.3,89.3,101.1
2022-12-02,Mozambique,115.0,111.0,1,0.6,132.0,123.9
2022-12-02,Nigeria,63.0,62.0,1,0.4,95.5,113.5
2022-12-04,Nigeria,43.0,42.0,1,0.4,90.8,110.6
2022-12-04,Tanzania,122.0,121.0,1,0.9,127.8,108.7
2022-12-04,Ghana,121.0,122.0,0,0.5,133.7,126.3
2022-12-04,Gambia,42.0,43.0,0,0.0,82.0,83.0
2022-12-04,Cameroon,95.0,98.0,0,0.0,75.77777777777777,116.22222222222223
2022-12-04,Nigeria,221.0,103.0,1,0.4,99.5,111.1
2022-12-04,Mozambique,98.0,95.0,1,0.6,135.4,127.3
2022-12-04,Eswatini,103.0,221.0,0,0.1,109.9,147.9
2022-12-05,Ghana,135.0,61.0,0,0.4,123.3,120.1
2022-12-05,Sierra Leone,61.0,135.0,1,0.4,87.0,106.1
2022-12-05,Sierra Leone,52.0,48.0,1,0.5,85.1,101.9
2022-12-05,Eswatini,48.0,52.0,0,0.1,102.4,140.7
2022-12-05,Mozambique,81.0,82.0,0,0.5,124.5,126.0
2022-12-05,Tanzania,82.0,81.0,1,0.9,119.0,104.2
2022-12-05,Cameroon,72.0,31.0,0,0.0,75.4,107.7
2022-12-05,Nigeria,31.0,72.0,1,0.5,97.6,103.6
2022-12-06,Sierra Leone,84.0,81.0,1,0.6,83.7,96.6
2022-12-06,Gambia,81.0,84.0,0,0.0,81.66666666666667,83.33333333333333
2022-12-06,Eswatini,120.0,186.0,0,0.1,108.5,153.3
2022-12-06,Tanzania,186.0,120.0,1,0.9,122.7,101.6
2022-12-06,Gambia,59.0,61.0,0,0.0,76.0,77.75
2022-12-06,Cameroon,76.0,183.0,0,0.0,79.2,105.1
2022-12-06,Ghana,183.0,76.0,1,0.4,132.0,118.2
2022-12-06,Tanzania,61.0,59.0,1,1.0,111.4,90.0
2022-12-08,Ghana,215.0,69.0,1,0.4,146.0,117.7
2022-12-08,Gambia,69.0,215.0,0,0.0,74.6,105.2
2022-12-08,Mozambique,127.0,70.0,1,0.5,116.5,121.7
2022-12-08,Gambia,70.0,127.0,0,0.0,73.83333333333333,108.83333333333333
2022-12-09,Nigeria,131.0,127.0,1,0.6,99.3,104.6
2022-12-09,Ghana,127.0,131.0,0,0.4,149.0,113.2
2022-12-09,Cameroon,34.0,218.0,0,0.0,77.5,121.5
2022-12-09,Tanzania,218.0,34.0,1,1.0,119.5,85.1
2022-12-09,Sierra Leone,116.0,117.0,0,0.6,86.8,92.6
2022-12-09,Cameroon,104.0,115.0,0,0.0,81.7,109.0
2022-12-09,Gambia,115.0,104.0,1,0.14285714285714285,79.71428571428571,108.14285714285714
2022-12-09,Mozambique,117.0,116.0,1,0.5,111.8,121.2
2022-12-13,Tanzania,114.0,110.0,1,1.0,117.9,85.2
2022-12-13,Tanzania,147.0,81.0,1,1.0,115.8,84.2
2022-12-13,Rwanda,81.0,147.0,0,0.5,99.1,94.2
2022-12-13,Rwanda,110.0,114.0,0,0.5,101.0,88.8
2022-12-14,Rwanda,100.0,185.0,0,0.5,101.4,97.6
2022-12-14,Uganda,185.0,100.0,1,0.8,133.3,129.0
2022-12-15,Malaysia,161.0,150.0,1,1.0,126.9,93.5
2022-12-15,Bahrain,150.0,161.0,0,0.3,141.5,161.4
2022-12-15,Singapore,130.0,134.0,0,0.0,131.1,163.2
2022-12-15,Qatar,134.0,130.0,1,0.6,136.9,117.2
2022-12-15,Uganda,168.0,35.0,1,0.9,134.1,116.4
2022-12-15,Rwanda,35.0,168.0,0,0.5,96.6,106.0
2022-12-15,Uganda,169.0,156.0,1,1.0,142.0,113.3
2022-12-15,Tanzania,156.0,169.0,0,0.9,121.7,91.5
2022-12-16,Malaysia,127.0,126.0,1,1.0,121.9,90.7
2022-12-16,Qatar,126.0,127.0,0,0.6,137.9,116.5
2022-12-16,Tanzania,131.0,128.0,0,0.8,126.4,96.0
2022-12-16,Uganda,153.0,56.0,1,1.0,146.3,108.4
2022-12-16,Rwanda,56.0,153.0,0,0.4,91.4,110.7
2022-12-16,Rwanda,128.0,131.0,1,0.4,91.2,116.2
2022-12-18,Singapore,87.0,207.0,0,0.0,119.5,163.3
2022-12-18,Tanzania,105.0,107.0,0,0.7,132.2,101.0
2022-12-18,Uganda,107.0,105.0,1,1.0,146.8,109.1
2022-12-18,Malaysia,207.0,87.0,1,1.0,130.1,87.2
2022-12-18,Bahrain,164.0,151.0,1,0.4,141.5,159.8
2022-12-18,Tanzania,123.0,118.0,1,0.7,132.3,100.7
2022-12-18,Rwanda,118.0,123.0,0,0.4,94.3,119.5
2022-12-18,Qatar,151.0,164.0,0,0.5,133.4,123.9
2022-12-19,Bahrain,179.0,182.0,0,0.4,151.0,159.4
2022-12-19,Rwanda,57.0,59.0,0,0.3,84.1,115.7
2022-12-19,Uganda,59.0,57.0,1,1.0,142.0,104.5
2022-12-19,Uganda,132.0,137.0,0,0.9,139.0,105.8
2022-12-19,Tanzania,137.0,132.0,1,0.7,137.8,105.8
2022-12-19,Singapore,140.0,141.0,0,0.0,121.0,153.8
2022-12-19,Qatar,141.0,140.0,1,0.5,130.0,123.8
2022-12-19,Malaysia,182.0,179.0,1,1.0,127.0,99.3
2022-12-20,Tanzania,134.0,103.0,1,0.7,132.6,104.1
2022-12-20,Rwanda,103.0,134.0,0,0.2,82.2,124.4
2022-12-20,Rwanda,67.0,68.0,0,0.1,85.5,128.2
2022-12-20,Uganda,68.0,67.0,1,0.9,132.3,99.2
2022-12-21,Bahrain,172.0,168.0,1,0.5,148.7,156.3
2022-12-21,Singapore,168.0,172.0,0,0.0,130.9,150.9
2022-12-22,Tanzania,176.0,183.0,0,0.6,144.1,116.5
2022-12-22,Uganda,183.0,176.0,1,0.9,139.9,106.3
2022-12-22,Rwanda,108.0,136.0,0,0.1,88.2,127.1
2022-12-22,Malaysia,223.0,80.0,1,1.0,138.1,100.0
2022-12-22,Singapore,80.0,223.0,0,0.0,124.8,157.8
2022-12-22,Tanzania,136.0,108.0,1,0.6,135.9,123.9
2022-12-23,Malaysia,153.0,156.0,0,0.9,150.0,112.6
2022-12-23,Bahrain,156.0,153.0,1,0.5,150.4,158.2
2022-12-23,Singapore,164.0,165.0,0,0.0,126.6,159.6
2022-12-23,Qatar,165.0,164.0,1,0.6,135.9,129.3
2022-12-23,Uganda,108.0,105.0,1,0.9,133.2,99.4
2022-12-23,Rwanda,105.0,108.0,0,0.1,87.7,126.5
2023-01-03,India,162.0,160.0,1,0.7,177.8,158.3
2023-01-03,Sri Lanka,160.0,162.0,0,0.5,143.3,143.2
2023-01-05,Sri Lanka,206.0,190.0,1,0.5,146.9,147.5
2023-01-05,India,190.0,206.0,0,0.6,173.1,156.8
2023-01-07,India,228.0,137.0,1,0.7,178.1,147.8
2023-01-07,Sri Lanka,137.0,228.0,0,0.5,149.8,154.0
2023-01-12,Zimbabwe,118.0,114.0,1,0.5,134.7,140.9
2023-01-12,Ireland,114.0,118.0,0,0.4,132.0,144.3
2023-01-14,Zimbabwe,144.0,150.0,0,0.5,135.6,142.3
2023-01-14,Ireland,150.0,144.0,1,0.5,136.5,145.5
2023-01-15,Ireland,141.0,144.0,0,0.4,145.0,150.4
2023-01-15,Zimbabwe,144.0,141.0,1,0.5,134.4,141.8
2023-01-27,New Zealand,176.0,155.0,1,0.6,166.7,149.9
2023-01-27,India,155.0,176.0,0,0.6,177.6,149.5
2023-01-29,New Zealand,99.0,101.0,0,0.5,163.5,147.0
2023-01-29,India,101.0,99.0,1,0.6,169.8,147.1
2023-02-01,India,234.0,66.0,1,0.7,179.9,140.0
2023-02-01,New Zealand,66.0,234.0,0,0.4,149.3,154.4
2023-02-16,U.A.E.,142.0,146.0,0,0.3,140.2,147.6
2023-02-16,Afghanistan,146.0,142.0,1,0.3,131.3,138.1
2023-02-18,Afghanistan,137.0,138.0,0,0.3,135.5,146.3
2023-02-18,U.A.E.,138.0,137.0,1,0.3,138.0,145.4
2023-02-19,Afghanistan,166.0,163.0,1,0.3,141.5,152.1
2023-02-19,U.A.E.,163.0,166.0,0,0.3,137.0,144.3
2023-02-21,Argentina,77.0,78.0,0,0.5,114.1,102.8
2023-02-21,Bermuda,78.0,77.0,1,0.5,138.8,136.6
2023-02-22,Bermuda,226.0,119.0,1,0.6,150.8,137.4
2023-02-22,Argentina,119.0,226.0,0,0.4,117.4,116.9
2023-02-24,Spain,177.0,96.0,1,0.6,129.7,131.7
2023-02-24,Isle of Man,96.0,177.0,0,0.8,121.4,114.3
2023-02-25,Isle of Man,66.0,70.0,0,0.7,115.8,109.5
2023-02-25,Spain,70.0,66.0,1,0.6,121.7,123.5
2023-02-25,Isle of Man,116.0,120.0,0,0.6,118.1,112.3
2023-02-25,Spain,120.0,116.0,1,0.6,122.2,123.7
2023-02-25,Panama,139.0,86.0,1,0.4,114.6,139.4
2023-02-25,Argentina,86.0,139.0,0,0.3,115.8,123.4
2023-02-25,Bermuda,173.0,77.0,1,0.7,152.3,124.7
2023-02-25,Cayman Is,77.0,173.0,0,0.5,116.5,114.0
2023-02-26,Bahamas,105.0,101.0,1,0.2,112.7,141.0
2023-02-26,Panama,101.0,105.0,0,0.3,113.4,138.7
2023-02-26,Isle of Man,10.0,13.0,0,0.5,104.0,98.7
2023-02-26,Spain,13.0,10.0,1,0.6,115.7,117.0
2023-02-26,Isle of Man,132.0,135.0,0,0.4,110.0,105.1
2023-02-26,Spain,135.0,132.0,1,0.7,117.9,114.8
2023-02-26,Argentina,110.0,220.0,0,0.2,115.7,134.9
2023-02-26,Bermuda,220.0,110.0,1,0.8,162.9,115.1
2023-02-28,Cayman Is,125.0,94.0,1,0.6,117.4,111.7
2023-02-28,Bahamas,94.0,125.0,0,0.2,112.2,129.6
2023-02-28,Bermuda,196.0,136.0,1,0.9,167.6,111.5
2023-02-28,Panama,136.0,196.0,0,0.3,112.2,142.6
2023-03-02,Bahamas,74.0,117.0,0,0.1,104.6,127.4
2023-03-02,Argentina,117.0,74.0,1,0.3,116.5,130.2
2023-03-02,Cayman Is,138.0,126.0,1,0.7,122.1,114.8
2023-03-02,Panama,126.0,138.0,0,0.2,110.0,144.9
2023-03-04,Cayman Is,126.0,125.0,1,0.8,128.1,120.3
2023-03-04,Bahamas,73.0,74.0,0,0.1,102.9,125.7
2023-03-04,Bermuda,74.0,73.0,1,0.9,151.1,108.9
2023-03-04,Argentina,125.0,126.0,0,0.2,111.9,131.6
2023-03-08,Hong Kong,153.0,138.0,1,0.6,134.0,151.1
2023-03-08,Bahrain,138.0,153.0,0,0.4,147.2,161.8
2023-03-08,Kuwait,158.0,163.0,0,0.7,154.0,141.3
2023-03-08,Malaysia,163.0,158.0,1,0.9,160.4,122.7
2023-03-09,Malaysia,200.0,147.0,1,0.9,173.0,130.1
2023-03-09,Bahrain,147.0,200.0,0,0.3,145.5,165.8
2023-03-09,Hong Kong,161.0,150.0,1,0.7,138.5,154.4
2023-03-09,Kuwait,150.0,161.0,0,0.6,158.3,147.1
2023-03-09,England,156.0,158.0,0,0.8,160.0,154.4
2023-03-09,Bangladesh,158.0,156.0,1,0.3,144.1,164.9
2023-03-11,Bahrain,159.0,156.0,1,0.4,150.0,159.4
2023-03-11,Kuwait,156.0,159.0,0,0.6,161.3,150.3
2023-03-11,Malaysia,95.0,98.0,0,0.8,159.5,126.3
2023-03-11,Hong Kong,98.0,95.0,1,0.7,129.7,145.4
2023-03-12,England,117.0,120.0,0,0.7,150.8,152.2
2023-03-12,Bangladesh,120.0,117.0,1,0.4,141.5,159.9
2023-03-12,Hong Kong,182.0,143.0,1,0.7,133.2,145.1
2023-03-12,Malaysia,143.0,182.0,0,0.7,165.4,136.3
2023-03-12,Bahrain,135.0,136.0,0,0.4,152.3,161.5
2023-03-12,Kuwait,136.0,135.0,1,0.6,154.0,144.9
2023-03-13,Samoa,148.0,165.0,0,0.2,129.5,138.0
2023-03-13,Vanuatu,165.0,148.0,1,0.7,147.4,139.1
2023-03-14,Bangladesh,158.0,142.0,1,0.5,143.6,159.9
2023-03-14,England,142.0,158.0,0,0.6,144.2,148.0
2023-03-14,Fiji,205.0,139.0,1,0.5714285714285714,150.42857142857142,147.14285714285714
2023-03-14,Samoa,139.0,205.0,0,0.1,128.6,143.8
2023-03-16,Fiji,121.0,223.0,0,0.5,146.75,156.625
2023-03-16,Vanuatu,223.0,121.0,1,0.8,158.9,137.8
2023-03-17,Vanuatu,148.0,122.0,1,0.8,159.2,135.6
2023-03-17,Fiji,122.0,148.0,0,0.4444444444444444,144.0,155.66666666666666
2023-03-18,Fiji,156.0,134.0,1,0.5,145.2,153.5
2023-03-18,Samoa,134.0,156.0,0,0.1,133.9,151.1
2023-03-24,Pakistan,92.0,98.0,0,0.6,142.3,134.0
2023-03-24,Afghanistan,98.0,92.0,1,0.3,138.2,148.6
2023-03-25,South Africa,131.0,132.0,0,0.5,167.3,156.2
2023-03-25,West Indies,132.0,131.0,1,0.3,138.8,162.0
2023-03-26,Afghanistan,133.0,130.0,1,0.4,134.0,143.7
2023-03-26,Pakistan,130.0,133.0,0,0.5,137.6,130.0
2023-03-26,West Indies,258.0,259.0,0,0.3,154.6,169.1
2023-03-26,South Africa,259.0,258.0,1,0.5,172.1,163.0
2023-03-27,Bangladesh,207.0,81.0,1,0.6,148.3,147.2
2023-03-27,Ireland,81.0,207.0,0,0.4,138.8,153.7
2023-03-27,Pakistan,182.0,116.0,1,0.5,139.0,125.3
2023-03-27,Afghanistan,116.0,182.0,0,0.4,132.7,148.8
2023-03-28,West Indies,220.0,213.0,1,0.4,159.4,171.9
2023-03-28,South Africa,213.0,220.0,0,0.4,175.2,171.2
2023-03-29,Ireland,125.0,202.0,0,0.3,133.3,156.3
2023-03-29,Bangladesh,202.0,125.0,1,0.7,151.2,142.0
2023-03-31,Bangladesh,124.0,126.0,0,0.6,149.2,141.1
2023-03-31,Ireland,126.0,124.0,1,0.3,130.9,154.1
2023-04-05,Sri Lanka,141.0,146.0,0,0.4,148.7,161.3
2023-04-05,New Zealand,146.0,141.0,1,0.5,147.6,151.7
2023-04-08,Sri Lanka,182.0,183.0,0,0.3,150.7,165.0
2023-04-08,New Zealand,183.0,182.0,1,0.5,145.9,158.8
2023-04-10,Gibraltar,84.0,208.0,0,0.2,147.2,176.0
2023-04-10,Portugal,208.0,84.0,1,0.8,153.6,114.4
2023-04-11,Portugal,129.0,128.0,1,0.8,151.8,112.6
2023-04-11,Gibraltar,128.0,129.0,0,0.2,146.8,175.4
2023-04-11,Gibraltar,166.0,167.0,0,0.2,149.0,173.7
2023-04-11,Portugal,167.0,166.0,1,0.8,146.8,117.1
2023-04-14,Pakistan,182.0,94.0,1,0.6,141.3,118.7
2023-04-14,New Zealand,94.0,182.0,0,0.4,138.6,166.8
2023-04-15,Pakistan,192.0,154.0,1,0.7,147.6,121.1
2023-04-15,New Zealand,154.0,192.0,0,0.4,138.1,168.1
2023-04-17,Pakistan,159.0,163.0,0,0.6,154.0,128.3
2023-04-17,New Zealand,163.0,159.0,1,0.4,135.9,169.0
2023-04-24,New Zealand,194.0,193.0,1,0.5,140.1,173.0
2023-04-24,Pakistan,193.0,194.0,0,0.5,154.8,136.9
2023-05-01,Indonesia,122.0,90.0,1,0.625,100.25,105.25
2023-05-01,Thailand,90.0,122.0,0,0.0,71.4,83.0
2023-05-02,Malaysia,191.0,97.0,1,0.7,168.4,131.0
2023-05-02,Indonesia,97.0,191.0,0,0.5555555555555556,99.88888888888889,114.77777777777777
2023-05-03,Singapore,181.0,94.0,1,0.1,130.7,154.9
2023-05-03,Philippines,94.0,181.0,0,0.1111111111111111,82.33333333333333,152.11111111111111
2023-05-04,Portugal,174.0,171.0,1,0.8,142.4,123.4
2023-05-04,Gibraltar,171.0,174.0,0,0.1,144.8,171.9
2023-05-04,Malta,76.0,160.0,0,0.3,134.0,174.0
2023-05-04,Portugal,160.0,76.0,1,0.8,144.8,117.8
2023-05-04,Cambodia,181.0,166.0,1,1.0,181.0,166.0
2023-05-04,Malaysia,114.0,113.0,1,0.7,167.1,129.7
2023-05-04,Thailand,113.0,114.0,0,0.0,74.2,85.8
2023-05-04,Singapore,166.0,181.0,0,0.1,133.3,158.2
2023-05-05,Gibraltar,176.0,133.0,1,0.2,148.3,171.0
2023-05-05,Malta,133.0,176.0,0,0.2,126.8,171.2
2023-05-05,Portugal,162.0,145.0,1,0.8,145.5,121.5
2023-05-05,Malta,145.0,162.0,0,0.2,125.1,170.3
2023-05-06,Gibraltar,90.0,93.0,0,0.2,140.3,163.2
2023-05-06,Portugal,93.0,90.0,1,0.8,139.4,116.2
2023-05-06,Malta,63.0,143.0,0,0.2,120.2,165.0
2023-05-06,Malta,156.0,157.0,0,0.2,123.6,157.4
2023-05-06,Portugal,157.0,156.0,1,0.9,147.4,124.0
2023-05-06,Gibraltar,143.0,63.0,1,0.3,140.7,155.3
2023-05-07,Gibraltar,124.0,129.0,0,0.3,140.7,142.6
2023-05-07,Portugal,129.0,124.0,1,0.9,148.9,125.1
2023-05-07,Malta,165.0,164.0,1,0.3,136.1,157.6
2023-05-07,Gibraltar,164.0,165.0,0,0.2,143.6,145.7
2023-05-10,Cambodia,182.0,174.0,1,1.0,181.5,170.0
2023-05-10,Philippines,174.0,182.0,0,0.1,91.5,155.1
2023-05-11,Singapore,162.0,147.0,1,0.2,138.2,156.9
2023-05-11,Indonesia,147.0,162.0,0,0.5,104.6,119.5
2023-05-11,Cambodia,143.0,131.0,1,1.0,168.66666666666666,157.0
2023-05-11,Malaysia,131.0,143.0,0,0.6,159.5,135.3
2023-05-18,Norway,183.0,108.0,1,0.5,128.8,101.5
2023-05-18,Sweden,108.0,183.0,0,0.3,108.3,118.6
2023-05-18,Finland,103.0,175.0,0,0.6,125.1,142.0
2023-05-18,Denmark,175.0,103.0,1,0.7,163.4,112.8
2023-05-18,Denmark,100.0,99.0,1,0.8,160.4,109.6
2023-05-18,Norway,99.0,100.0,0,0.4,125.0,101.5
2023-05-19,Denmark,109.0,110.0,0,0.8,157.6,106.4
2023-05-19,Sweden,110.0,109.0,1,0.4,110.0,120.0
2023-05-19,Norway,131.0,101.0,1,0.5,130.3,98.7
2023-05-19,Finland,101.0,131.0,0,0.6,131.9,138.1
2023-05-19,Finland,92.0,94.0,0,0.6,130.2,131.3
2023-05-19,Denmark,94.0,92.0,1,0.8,150.0,112.3
2023-05-19,Sweden,176.0,123.0,1,0.5,115.5,119.9
2023-05-19,Norway,123.0,176.0,0,0.5,130.6,103.7
2023-05-20,Finland,102.0,106.0,0,0.5,126.5,130.3
2023-05-20,Norway,106.0,102.0,1,0.6,132.8,101.4
2023-05-20,Finland,106.0,99.0,1,0.5,118.9,123.1
2023-05-20,Sweden,99.0,106.0,0,0.5,112.2,117.2
2023-05-27,Malawi,155.0,102.0,1,0.7,122.0,110.7
2023-05-27,Eswatini,102.0,155.0,0,0.1,112.6,162.4
2023-05-28,Malawi,62.0,61.0,1,0.7,115.9,106.7
2023-05-28,Mozambique,61.0,62.0,0,0.5,105.3,112.0
2023-05-29,Botswana,205.0,98.0,1,0.6,134.7,108.2
2023-05-29,Eswatini,98.0,205.0,0,0.1,112.9,163.9
2023-05-30,Botswana,169.0,69.0,1,0.6,137.0,101.6
2023-05-30,Malawi,69.0,169.0,0,0.6,115.1,116.0
2023-05-30,Eswatini,127.0,132.0,0,0.1,114.3,156.4
2023-05-30,Mozambique,132.0,127.0,1,0.6,106.1,108.5
2023-06-01,Mozambique,89.0,92.0,0,0.6,105.7,99.2
2023-06-01,Botswana,92.0,89.0,1,0.6,127.7,101.2
2023-06-09,Rwanda,137.0,139.0,0,0.1,91.4,121.9
2023-06-09,Kenya,139.0,137.0,1,0.8,117.5,95.7
2023-06-09,Botswana,114.0,115.0,0,0.6,124.5,97.8
2023-06-09,Uganda,115.0,114.0,1,0.9,126.2,100.8
2023-06-09,Germany,174.0,168.0,1,0.8,129.9,120.7
2023-06-09,Belgium,168.0,174.0,0,0.7,155.0,121.9
2023-06-10,Belgium,179.0,181.0,0,0.7,162.6,129.6
2023-06-10,Rwanda,136.0,169.0,0,0.1,101.5,122.0
2023-06-10,Germany,181.0,179.0,1,0.8,138.5,129.3
2023-06-10,Botswana,169.0,136.0,1,0.7,130.8,100.6
2023-06-10,Uganda,97.0,185.0,0,0.8,119.1,115.8
2023-06-10,Kenya,185.0,97.0,1,0.8,119.9,94.5
2023-06-10,Hungary,119.0,128.0,0,0.2,140.4,169.3
2023-06-10,Czech Rep.,128.0,119.0,1,0.7,138.9,146.5
2023-06-10,Germany,167.0,164.0,1,0.8,141.7,137.6
2023-06-10,Belgium,164.0,167.0,0,0.6,159.4,135.1
2023-06-11,Czech Rep.,139.0,138.0,1,0.7,141.3,149.1
2023-06-11,Hungary,138.0,139.0,0,0.1,138.0,167.4
2023-06-11,Uganda,82.0,81.0,1,0.8,110.4,108.3
2023-06-11,Rwanda,81.0,82.0,0,0.1,104.0,114.9
2023-06-11,Belgium,148.0,150.0,0,0.5,150.9,137.9
2023-06-11,Kenya,98.0,92.0,1,0.9,114.2,87.8
2023-06-11,Botswana,92.0,98.0,0,0.6,130.3,101.3
2023-06-11,Germany,150.0,148.0,1,0.9,146.4,138.3
2023-06-13,Rwanda,158.0,131.0,1,0.1,107.0,114.9
2023-06-13,Botswana,131.0,158.0,0,0.6,129.1,102.7
2023-06-13,Uganda,175.0,128.0,1,0.8,112.6,115.5
2023-06-13,Kenya,128.0,175.0,0,0.8,122.0,100.5
2023-06-14,Rwanda,92.0,98.0,0,0.1,104.4,112.4
2023-06-14,Kenya,98.0,92.0,1,0.9,121.3,99.0
2023-06-14,Botswana,89.0,153.0,0,0.5,134.2,114.3
2023-06-14,Uganda,153.0,89.0,1,0.8,117.2,113.9
2023-06-15,Botswana,145.0,115.0,1,0.6,137.1,113.6
2023-06-15,Kenya,115.0,145.0,0,0.8,123.8,104.8
2023-06-15,Rwanda,85.0,87.0,0,0.1,107.2,115.2
2023-06-15,Uganda,87.0,85.0,1,0.8,120.0,116.7
2023-06-17,Rwanda,99.0,100.0,0,0.1,106.8,111.8
2023-06-17,Kenya,100.0,99.0,1,0.8,130.4,111.7
2023-06-17,Botswana,64.0,65.0,0,0.5,127.0,109.6
2023-06-17,Uganda,65.0,64.0,1,0.9,113.3,109.4
2023-06-18,Uganda,120.0,117.0,1,0.9,118.5,114.4
2023-06-18,Botswana,98.0,99.0,0,0.4,116.3,109.7
2023-06-18,Rwanda,99.0,98.0,1,0.2,110.0,114.8
2023-06-18,Kenya,117.0,120.0,0,0.7,118.4,116.7
2023-06-19,Uganda,153.0,59.0,1,0.9,115.5,102.7
2023-06-19,Rwanda,59.0,153.0,0,0.2,105.1,116.5
2023-06-19,Botswana,131.0,133.0,0,0.3,112.5,116.1
2023-06-19,Kenya,133.0,131.0,1,0.7,119.5,118.2
2023-06-21,Kenya,124.0,125.0,0,0.6,123.7,121.3
2023-06-21,Uganda,125.0,124.0,1,0.9,117.2,104.6
2023-06-23,Serbia,181.0,111.0,1,0.5,132.9,145.3
2023-06-23,Turkey,111.0,181.0,0,0.0,61.44444444444444,146.22222222222223
2023-06-23,Croatia,75.0,76.0,0,0.3333333333333333,78.5,105.66666666666667
2023-06-23,Bulgaria,76.0,75.0,1,0.4,129.3,149.8
2023-06-23,Bulgaria,166.0,168.0,0,0.3,121.3,142.4
2023-06-23,Serbia,168.0,166.0,1,0.6,125.5,137.3
2023-06-24,Bulgaria,149.0,147.0,1,0.4,121.0,141.6
2023-06-24,Turkey,147.0,149.0,0,0.0,70.0,146.5
2023-06-24,Serbia,77.0,76.0,1,0.6,117.7,129.7
2023-06-24,Croatia,76.0,77.0,0,0.2857142857142857,78.14285714285714,101.57142857142857
2023-06-24,Switzerland,150.0,151.0,0,0.4,139.0,145.4
2023-06-24,Turkey,88.0,83.0,1,0.1,76.0,151.9
2023-06-24,Croatia,83.0,88.0,0,0.25,78.75,99.875
2023-06-24,Luxembourg,151.0,150.0,1,0.4,126.4,128.7
2023-06-25,Switzerland,123.0,122.0,1,0.4,136.3,143.4
2023-06-25,Luxembourg,122.0,123.0,0,0.4,127.4,129.5
2023-06-29,Germany,115.0,114.0,1,0.9,142.8,137.5
2023-06-29,Austria,114.0,115.0,0,0.8,145.8,109.0
2023-06-30,Austria,121.0,123.0,0,0.7,145.6,109.4
2023-06-30,Germany,123.0,121.0,1,0.9,142.6,137.4
2023-07-07,Guernsey,134.0,135.0,0,0.5,125.5,125.8
2023-07-07,Jersey,135.0,134.0,1,0.7,147.4,135.7
2023-07-08,Guernsey,151.0,152.0,0,0.4,129.5,130.3
2023-07-08,Jersey,152.0,151.0,1,0.7,149.5,137.8
2023-07-09,Austria,137.0,140.0,0,0.6,141.0,105.2
2023-07-09,Isle of Man,140.0,137.0,1,0.4,111.8,106.8
2023-07-09,Austria,149.0,150.0,0,0.5,144.4,111.8
2023-07-09,Isle of Man,150.0,149.0,1,0.4,110.3,112.0
2023-07-10,France,115.0,106.0,1,0.5,131.4,129.4
2023-07-10,Malta,106.0,115.0,0,0.3,131.9,154.1
2023-07-10,Malta,125.0,121.0,1,0.4,130.1,150.8
2023-07-10,France,121.0,125.0,0,0.4,132.2,130.7
2023-07-11,France,177.0,126.0,1,0.5,140.5,133.6
2023-07-11,Luxembourg,126.0,177.0,0,0.4,128.1,134.9
2023-07-11,Malta,179.0,137.0,1,0.4,134.4,152.5
2023-07-11,Luxembourg,137.0,179.0,0,0.4,133.4,141.3
2023-07-12,Malta,163.0,164.0,0,0.3,131.1,149.9
2023-07-12,Luxembourg,164.0,163.0,1,0.5,132.5,136.7
2023-07-12,Luxembourg,110.0,113.0,0,0.5,133.2,134.1
2023-07-12,France,113.0,110.0,1,0.6,139.0,131.5
2023-07-12,France,153.0,123.0,1,0.7,142.7,127.4
2023-07-12,Malta,123.0,153.0,0,0.3,135.8,149.2
2023-07-13,Switzerland,139.0,134.0,1,0.5,133.2,139.2
2023-07-13,Luxembourg,174.0,175.0,0,0.5,139.2,138.5
2023-07-13,Malta,175.0,174.0,1,0.4,140.0,149.0
2023-07-13,France,191.0,103.0,1,0.7,146.5,127.5
2023-07-13,Romania,103.0,191.0,0,0.6,137.9,137.1
2023-07-13,Romania,134.0,139.0,0,0.5,138.1,137.9
2023-07-14,Romania,146.0,187.0,0,0.4,133.4,139.9
2023-07-14,Afghanistan,154.0,157.0,0,0.4,137.0,143.3
2023-07-14,Bangladesh,157.0,154.0,1,0.7,154.8,136.0
2023-07-14,Malta,187.0,146.0,1,0.5,144.2,147.4
2023-07-14,Luxembourg,118.0,119.0,0,0.4,134.6,143.1
2023-07-14,Switzerland,151.0,148.0,1,0.5,132.5,146.0
2023-07-14,France,148.0,151.0,0,0.7,145.6,126.8
2023-07-14,Switzerland,119.0,118.0,1,0.6,132.9,144.5
2023-07-15,Malta,156.0,157.0,0,0.5,153.5,148.8
2023-07-15,Luxembourg,191.0,187.0,1,0.4,140.8,149.4
2023-07-15,Switzerland,157.0,156.0,1,0.6,132.8,144.4
2023-07-15,Luxembourg,163.0,162.0,1,0.4,145.6,154.8
2023-07-15,Romania,162.0,163.0,0,0.3,135.4,142.1
2023-07-15,France,187.0,191.0,0,0.6,148.5,131.2
2023-07-16,France,78.0,82.0,0,0.5,138.0,127.0
2023-07-16,Malta,82.0,78.0,1,0.6,146.1,140.9
2023-07-16,Luxembourg,149.0,151.0,0,0.3,145.4,154.9
2023-07-16,Romania,151.0,149.0,1,0.3,133.4,140.8
2023-07-16,Afghanistan,116.0,119.0,0,0.4,137.4,143.9
2023-07-16,Bangladesh,119.0,116.0,1,0.7,151.7,132.9
2023-07-16,Malta,164.0,166.0,0,0.5,146.0,141.1
2023-07-16,Switzerland,166.0,164.0,1,0.6,132.1,146.6
2023-07-20,Scotland,234.0,65.0,1,0.2,147.8,154.0
2023-07-20,Italy,151.0,158.0,0,0.6,141.9,113.9
2023-07-20,Germany,65.0,234.0,0,0.8,138.2,150.1
2023-07-20,Jersey,106.0,104.0,1,0.7,142.3,134.1
2023-07-20,Austria,104.0,106.0,0,0.5,140.2,107.4
2023-07-20,Ireland,158.0,151.0,1,0.4,133.9,155.9
2023-07-21,Scotland,149.0,135.0,1,0.3,151.8,156.0
2023-07-21,Germany,86.0,83.0,1,0.8,131.9,143.8
2023-07-21,Jersey,135.0,149.0,0,0.6,139.0,138.2
2023-07-21,Ireland,123.0,122.0,1,0.4,130.5,157.6
2023-07-21,Denmark,122.0,123.0,0,0.7,146.0,113.7
2023-07-21,Austria,83.0,86.0,0,0.4,134.6,105.7
2023-07-22,Japan,166.0,113.0,1,0.75,133.375,103.125
2023-07-22,Philippines,113.0,166.0,0,0.1,94.5,150.1
2023-07-22,Vanuatu,71.0,75.0,0,0.8,147.9,122.5
2023-07-22,P.N.G.,75.0,71.0,1,0.5,147.4,160.6
2023-07-23,Ireland,226.0,98.0,1,0.5,139.4,149.5
2023-07-23,Jersey,158.0,183.0,0,0.5,136.3,141.7
2023-07-23,Austria,98.0,226.0,0,0.3,123.0,121.0
2023-07-23,Philippines,45.0,162.0,0,0.1,89.7,150.7
2023-07-23,Italy,183.0,158.0,1,0.6,153.3,123.0
2023-07-23,Vanuatu,110.0,131.0,0,0.7,141.6,123.9
2023-07-23,Japan,131.0,110.0,1,0.7777777777777778,133.11111111111111,103.88888888888889
2023-07-23,Germany,126.0,124.0,1,0.8,131.4,146.7
2023-07-23,Denmark,124.0,126.0,0,0.6,139.4,116.1
2023-07-23,P.N.G.,162.0,45.0,1,0.5,143.7,145.5
2023-07-24,Austria,97.0,98.0,0,0.2,118.6,116.9
2023-07-24,Denmark,98.0,97.0,1,0.6,123.6,113.4
2023-07-24,Scotland,245.0,90.0,1,0.4,160.7,147.8
2023-07-24,Italy,90.0,245.0,0,0.5,147.9,133.4
2023-07-24,Jersey,78.0,80.0,0,0.5,128.7,133.8
2023-07-24,Ireland,80.0,78.0,1,0.6,132.4,138.8
2023-07-25,Germany,139.0,190.0,0,0.8,132.6,152.5
2023-07-25,Jersey,190.0,139.0,1,0.6,135.4,133.1
2023-07-25,Austria,66.0,232.0,0,0.1,104.6,135.3
2023-07-25,Scotland,232.0,66.0,1,0.5,175.4,145.5
2023-07-25,Denmark,124.0,150.0,0,0.6,121.1,112.3
2023-07-25,Philippines,98.0,97.0,1,0.1,94.9,156.8
2023-07-25,P.N.G.,92.0,87.0,1,0.6,141.1,137.4
2023-07-25,Japan,87.0,92.0,0,0.7,128.5,102.7
2023-07-25,Vanuatu,97.0,98.0,0,0.6,139.0,121.5
2023-07-25,Italy,150.0,124.0,1,0.5,146.0,138.0
2023-07-26,Philippines,94.0,127.0,0,0.1,94.5,147.9
2023-07-26,Myanmar,74.0,105.0,0,0.0,74.0,105.0
2023-07-26,Bhutan,105.0,74.0,1,0.5,93.5,120.5
2023-07-26,Japan,127.0,94.0,1,0.7,126.9,104.3
2023-07-26,P.N.G.,148.0,109.0,1,0.7,140.9,131.5
2023-07-26,China,23.0,24.0,0,0.0,23.0,24.0
2023-07-26,Vanuatu,109.0,148.0,0,0.6,137.2,123.5
2023-07-26,Malaysia,24.0,23.0,1,0.6,143.7,119.7
2023-07-27,Malaysia,180.0,105.0,1,0.6,139.4,122.2
2023-07-27,Bhutan,105.0,180.0,0,0.5,94.5,114.9
2023-07-27,China,26.0,27.0,0,0.0,24.5,25.5
2023-07-27,Thailand,27.0,26.0,1,0.1,69.2,80.6
2023-07-27,Scotland,159.0,126.0,1,0.6,179.6,139.2
2023-07-27,Denmark,126.0,159.0,0,0.5,118.3,116.9
2023-07-28,Vanuatu,137.0,136.0,1,0.6,134.2,122.2
2023-07-28,Japan,136.0,137.0,0,0.6,122.6,107.6
2023-07-28,Myanmar,39.0,140.0,0,0.0,56.5,122.5
2023-07-28,Philippines,129.0,229.0,0,0.1,99.2,149.0
2023-07-28,P.N.G.,229.0,129.0,1,0.7,143.2,124.1
2023-07-28,Thailand,140.0,39.0,1,0.2,76.6,77.3
2023-07-28,Germany,141.0,147.0,0,0.7,129.3,150.4
2023-07-28,Denmark,131.0,159.0,0,0.4,120.3,121.8
2023-07-28,Jersey,159.0,131.0,1,0.6,135.9,132.1
2023-07-28,Ireland,205.0,213.0,0,0.6,141.5,148.3
2023-07-28,Scotland,213.0,205.0,1,0.7,185.2,137.2
2023-07-28,Italy,147.0,141.0,1,0.5,139.7,147.7
2023-07-29,Japan,106.0,109.0,0,0.6,125.3,110.3
2023-07-29,P.N.G.,109.0,106.0,1,0.8,143.0,118.4
2023-07-29,Philippines,94.0,98.0,0,0.1,105.0,154.8
2023-07-29,Vanuatu,98.0,94.0,1,0.6,131.8,119.6
2023-07-30,Bhutan,161.0,48.0,1,0.6,98.9,107.9
2023-07-30,China,48.0,161.0,0,0.0,32.333333333333336,70.66666666666667
2023-07-30,Malaysia,219.0,35.0,1,0.7,146.0,110.1
2023-07-30,Myanmar,35.0,219.0,0,0.0,49.333333333333336,154.66666666666666
2023-07-31,Bhutan,83.0,84.0,0,0.6,101.4,95.0
2023-07-31,Thailand,84.0,83.0,1,0.3,76.9,77.4
2023-07-31,Myanmar,77.0,78.0,0,0.0,56.25,135.5
2023-07-31,China,78.0,77.0,1,0.25,43.75,72.25
2023-08-01,Thailand,93.0,96.0,0,0.3,83.2,83.6
2023-08-01,Malaysia,96.0,93.0,1,0.7,139.3,103.6
2023-08-03,India,145.0,149.0,0,0.6,176.0,140.4
2023-08-03,West Indies,149.0,145.0,1,0.5,161.8,164.9
2023-08-05,Hungary,209.0,64.0,1,0.2,142.0,156.3
2023-08-05,Croatia,64.0,209.0,0,0.2222222222222222,77.11111111111111,112.0
2023-08-06,Croatia,63.0,68.0,0,0.2,75.7,107.6
2023-08-06,Hungary,68.0,63.0,1,0.3,133.7,140.5
2023-08-06,India,152.0,155.0,0,0.5,172.6,144.4
2023-08-06,West Indies,155.0,152.0,1,0.5,162.3,165.6
2023-08-08,India,164.0,159.0,1,0.6,172.2,143.3
2023-08-08,West Indies,159.0,164.0,0,0.5,163.7,167.4
2023-08-12,West Indies,178.0,179.0,0,0.5,166.8,167.5
2023-08-12,India,179.0,178.0,1,0.6,171.0,148.5
2023-08-13,India,165.0,171.0,0,0.5,171.3,149.6
2023-08-13,West Indies,171.0,165.0,1,0.6,172.1,168.0
2023-08-14,Guernsey,165.0,164.0,1,0.5,131.9,128.9
2023-08-14,Guernsey,98.0,100.0,0,0.5,130.9,122.1
2023-08-14,Germany,100.0,98.0,1,0.7,121.2,142.3
2023-08-14,Germany,164.0,165.0,0,0.6,120.9,142.4
2023-08-15,Germany,162.0,172.0,0,0.5,122.1,144.8
2023-08-15,Guernsey,172.0,162.0,1,0.6,133.3,119.8
2023-08-17,New Zealand,155.0,136.0,1,0.6,143.0,167.5
2023-08-17,U.A.E.,136.0,155.0,0,0.2,134.6,148.5
2023-08-18,Ireland,139.0,47.0,0,0.5,140.4,138.6
2023-08-18,India,47.0,139.0,1,0.6,157.0,142.9
2023-08-18,Romania,162.0,163.0,0,0.2,134.9,147.5
2023-08-18,Malta,163.0,162.0,1,0.6,151.7,145.8
2023-08-19,Malta,115.0,116.0,0,0.5,150.7,145.3
2023-08-19,Romania,116.0,115.0,1,0.3,133.1,143.6
2023-08-19,New Zealand,142.0,144.0,0,0.5,139.6,166.4
2023-08-19,U.A.E.,144.0,142.0,1,0.3,134.3,147.8
2023-08-19,Romania,147.0,151.0,0,0.3,135.8,146.6
2023-08-19,Malta,151.0,147.0,1,0.5,147.9,146.3
2023-08-20,Rwanda,106.0,146.0,0,0.2,105.2,120.3
2023-08-20,Uganda,146.0,106.0,1,0.9,120.3,103.8
2023-08-20,Uganda,146.0,143.0,1,1.0,125.2,99.6
2023-08-20,Tanzania,143.0,146.0,0,0.5,138.8,127.5
2023-08-20,Ireland,152.0,185.0,0,0.5,141.5,142.7
2023-08-20,India,185.0,152.0,1,0.6,152.7,144.4
2023-08-20,U.A.E.,134.0,166.0,0,0.3,132.6,148.6
2023-08-20,New Zealand,166.0,134.0,1,0.6,146.3,169.7
2023-08-20,Malta,184.0,190.0,0,0.5,150.0,148.9
2023-08-20,Romania,190.0,184.0,1,0.3,141.5,154.8
2023-08-21,Tanzania,170.0,174.0,0,0.4,141.1,136.8
2023-08-21,Rwanda,174.0,170.0,1,0.3,108.9,123.4
2023-08-21,Uganda,176.0,180.0,0,0.9,134.6,109.5
2023-08-21,Tanzania,180.0,176.0,1,0.5,143.5,137.5
2023-08-22,Tanzania,155.0,154.0,1,0.6,145.9,140.1
2023-08-22,Rwanda,154.0,155.0,0,0.3,110.7,122.0
2023-08-22,Uganda,186.0,125.0,1,0.9,135.7,109.2
2023-08-22,Rwanda,125.0,186.0,0,0.3,115.1,132.4
2023-08-24,Uganda,192.0,106.0,1,0.9,139.6,110.9
2023-08-24,Rwanda,106.0,192.0,0,0.2,109.9,138.5
2023-08-24,Tanzania,111.0,171.0,0,0.6,146.5,146.5
2023-08-24,Uganda,171.0,111.0,1,0.9,148.0,113.5
2023-08-25,Rwanda,133.0,134.0,0,0.2,114.0,142.1
2023-08-25,Tanzania,134.0,133.0,1,0.6,147.6,148.0
2023-08-25,Tanzania,142.0,161.0,0,0.5,148.1,150.9
2023-08-25,Uganda,161.0,142.0,1,0.9,157.6,121.3
2023-08-27,Tanzania,152.0,143.0,1,0.5,149.9,154.9
2023-08-27,Rwanda,143.0,152.0,0,0.2,119.8,148.6
2023-08-27,Rwanda,126.0,127.0,0,0.2,122.5,151.3
2023-08-27,Uganda,127.0,126.0,1,0.9,158.3,122.2
2023-08-28,Uganda,180.0,121.0,1,0.9,161.0,128.4
2023-08-28,Tanzania,121.0,180.0,0,0.5,144.4,154.6
2023-08-28,Rwanda,110.0,114.0,0,0.1,123.6,152.9
2023-08-28,Uganda,114.0,110.0,1,0.9,159.9,127.0
2023-08-30,South Africa,115.0,226.0,0,0.4,176.1,182.8
2023-08-30,New Zealand,139.0,143.0,0,0.6,153.6,160.6
2023-08-30,Australia,226.0,115.0,1,0.6,172.2,163.8
2023-08-30,England,143.0,139.0,1,0.6,140.7,144.9
2023-08-30,Tanzania,157.0,98.0,1,0.5,146.5,153.6
2023-08-30,Tanzania,122.0,141.0,0,0.5,144.4,153.1
2023-08-30,Uganda,141.0,122.0,1,0.9,159.4,128.6
2023-08-30,Rwanda,98.0,157.0,0,0.1,127.5,153.3
2023-08-31,Rwanda,130.0,179.0,0,0.1,129.9,156.6
2023-08-31,Tanzania,179.0,130.0,1,0.6,145.3,148.7
2023-08-31,Uganda,133.0,131.0,1,0.9,158.1,127.4
2023-08-31,Rwanda,131.0,133.0,0,0.0,125.6,152.9
2023-09-01,South Africa,164.0,168.0,0,0.4,170.4,175.9
2023-09-01,Australia,168.0,164.0,1,0.7,170.4,161.5
2023-09-01,England,198.0,103.0,1,0.6,149.2,144.0
2023-09-01,New Zealand,103.0,198.0,0,0.5,149.3,166.3
2023-09-03,England,128.0,202.0,0,0.6,151.5,148.5
2023-09-03,New Zealand,202.0,128.0,1,0.5,151.2,160.9
2023-09-03,South Africa,190.0,191.0,0,0.3,166.7,177.2
2023-09-03,Australia,191.0,190.0,1,0.7,174.9,166.0
2023-09-05,England,175.0,179.0,0,0.5,151.1,150.5
2023-09-05,New Zealand,179.0,175.0,1,0.6,159.7,160.2
2023-09-15,Kuwait,143.0,142.0,1,0.6,152.9,143.8
2023-09-15,Qatar,138.0,104.0,1,0.7,140.3,127.5
2023-09-15,Bahrain,104.0,138.0,0,0.4,150.4,159.8
2023-09-15,Saudi Arabia,142.0,143.0,0,0.2,127.4,143.4
2023-09-16,Kuwait,127.0,123.0,1,0.6,148.9,139.7
2023-09-16,Bahrain,123.0,127.0,0,0.4,147.7,156.4
2023-09-16,U.A.E.,191.0,169.0,1,0.4,138.0,148.6
2023-09-16,Oman,169.0,191.0,0,0.3,142.3,139.9
2023-09-17,Oman,149.0,130.0,1,0.4,146.3,136.4
2023-09-17,Qatar,130.0,149.0,0,0.7,140.0,129.0
2023-09-17,Saudi Arabia,121.0,122.0,0,0.2,126.5,142.2
2023-09-17,U.A.E.,122.0,121.0,1,0.5,139.1,149.5
2023-09-18,Bahrain,114.0,110.0,1,0.4,142.7,152.3
2023-09-18,Qatar,156.0,155.0,1,0.7,140.2,138.9
2023-09-18,Kuwait,155.0,156.0,0,0.5,145.8,146.9
2023-09-18,Saudi Arabia,110.0,114.0,0,0.2,121.4,135.7
2023-09-19,Malaysia,181.0,79.0,1,0.7,137.4,96.8
2023-09-19,Hong Kong,79.0,181.0,0,0.7,131.3,153.0
2023-09-19,U.A.E.,176.0,145.0,1,0.6,149.4,148.8
2023-09-19,Kuwait,145.0,176.0,0,0.4,142.6,147.2
2023-09-19,Bahrain,123.0,122.0,1,0.5,137.1,146.3
2023-09-19,Oman,122.0,123.0,0,0.4,149.8,139.7
2023-09-20,Malaysia,152.0,108.0,0,0.7,143.1,97.8
2023-09-20,P.N.G.,108.0,152.0,1,0.8,137.7,117.6
2023-09-20,Qatar,106.0,166.0,0,0.6,137.4,142.5
2023-09-20,Saudi Arabia,128.0,175.0,0,0.2,125.6,144.2
2023-09-20,U.A.E.,166.0,106.0,1,0.6,151.2,145.3
2023-09-20,Oman,175.0,128.0,1,0.4,158.3,143.9
2023-09-21,P.N.G.,163.0,141.0,1,0.9,135.5,113.1
2023-09-21,Hong Kong,141.0,163.0,0,0.6,130.6,155.3
2023-09-21,Saudi Arabia,148.0,149.0,0,0.2,127.6,139.7
2023-09-21,Qatar,149.0,148.0,1,0.6,139.6,144.7
2023-09-22,Kuwait,103.0,171.0,0,0.4,137.8,149.0
2023-09-22,Oman,171.0,103.0,1,0.5,162.0,140.3
2023-09-22,U.A.E.,147.0,150.0,0,0.6,151.7,145.7
2023-09-22,Bahrain,150.0,147.0,1,0.5,134.9,144.2
2023-09-22,Hong Kong,126.0,149.0,0,0.5,127.9,155.1
2023-09-22,Malaysia,149.0,126.0,1,0.8,143.7,92.2
2023-09-23,Malaysia,81.0,82.0,0,0.7,132.7,90.7
2023-09-23,P.N.G.,82.0,81.0,1,1.0,126.5,101.3
2023-09-23,Oman,164.0,163.0,1,0.6,159.4,137.5
2023-09-23,U.A.E.,163.0,164.0,0,0.5,154.2,148.4
2023-09-24,P.N.G.,90.0,89.0,1,1.0,125.8,101.0
2023-09-24,Hong Kong,89.0,90.0,0,0.4,121.9,149.4
2023-09-27,Nepal,314.0,41.0,1,0.8,170.1,124.0
2023-09-27,Mongolia,41.0,314.0,0,0.0,41.0,314.0
2023-09-27,Cambodia,125.0,126.0,0,0.75,157.75,149.25
2023-09-27,Japan,126.0,125.0,1,0.6,116.1,105.8
2023-09-28,Mongolia,60.0,62.0,0,0.0,50.5,188.0
2023-09-28,Maldives,62.0,60.0,1,0.3,89.3,106.0
2023-09-28,Malaysia,160.0,87.0,1,0.7,137.3,88.1
2023-09-28,Singapore,87.0,160.0,0,0.2,136.5,162.4
2023-09-28,Saudi Arabia,172.0,110.0,1,0.3,133.1,133.7
2023-09-28,Maldives,110.0,172.0,0,0.3,94.7,107.8
2023-09-28,Qatar,123.0,124.0,0,0.5,138.5,144.1
2023-09-28,Kuwait,124.0,123.0,1,0.4,139.7,150.9
2023-09-29,Qatar,109.0,110.0,0,0.5,136.8,142.4
2023-09-29,Saudi Arabia,110.0,109.0,1,0.4,132.7,132.8
2023-09-29,Hong Kong,75.0,70.0,1,0.5,114.2,137.2
2023-09-29,Maldives,100.0,103.0,0,0.3,95.9,108.8
2023-09-29,Thailand,53.0,152.0,0,0.3,83.6,93.8
2023-09-29,Singapore,152.0,53.0,1,0.3,138.7,154.3
2023-09-29,Cambodia,70.0,75.0,0,0.6,140.2,134.4
2023-09-29,Kuwait,103.0,100.0,1,0.5,134.2,144.6
2023-09-30,Canada,95.0,181.0,0,0.8,158.3,155.2
2023-09-30,Estonia,149.0,151.0,0,0.0,119.6,148.4
2023-09-30,Bermuda,181.0,95.0,1,1.0,155.1,99.7
2023-09-30,Gibraltar,151.0,149.0,1,0.3,139.7,141.0
2023-09-30,Gibraltar,159.0,160.0,0,0.3,147.2,136.2
2023-09-30,Panama,85.0,88.0,0,0.2,110.0,145.1
2023-09-30,Estonia,160.0,159.0,1,0.1,124.8,145.6
2023-09-30,Cayman Is,88.0,85.0,1,0.9,125.5,117.3
2023-10-01,Nepal,212.0,74.0,1,0.8,179.6,120.0
2023-10-01,Maldives,74.0,212.0,0,0.3,93.0,119.3
2023-10-01,Japan,127.0,133.0,0,0.5,120.4,110.8
2023-10-01,Hong Kong,133.0,127.0,1,0.6,123.7,130.6
2023-10-01,Maldives,121.0,125.0,0,0.2,96.9,123.7
2023-10-01,Qatar,125.0,121.0,1,0.6,134.2,138.1
2023-10-01,Kuwait,174.0,175.0,0,0.5,136.6,146.0
2023-10-01,Saudi Arabia,175.0,174.0,1,0.5,137.6,133.1
2023-10-01,Panama,90.0,91.0,0,0.2,105.9,139.9
2023-10-01,Bermuda,91.0,90.0,1,1.0,146.1,99.2
2023-10-01,Canada,194.0,86.0,1,0.8,164.5,150.7
2023-10-01,Cayman Is,86.0,194.0,0,0.8,125.3,128.2
2023-10-02,Saudi Arabia,78.0,76.0,1,0.5,133.9,129.5
2023-10-02,Maldives,76.0,78.0,0,0.2,94.1,120.5
2023-10-02,Kuwait,130.0,129.0,1,0.6,134.0,143.0
2023-10-02,Thailand,74.0,268.0,0,0.3,83.7,113.2
2023-10-02,Malaysia,268.0,74.0,1,0.8,151.0,81.2
2023-10-02,Qatar,129.0,130.0,0,0.5,133.0,137.1
2023-10-03,Hong Kong,92.0,160.0,0,0.5,117.6,132.8
2023-10-03,Canada,230.0,67.0,1,0.8,174.3,144.3
2023-10-03,Panama,67.0,230.0,0,0.2,101.5,147.3
2023-10-03,Bermuda,176.0,123.0,1,1.0,154.8,103.0
2023-10-03,Cayman Is,123.0,176.0,0,0.7,122.8,132.5
2023-10-03,Pakistan,160.0,92.0,1,0.5,158.0,133.4
2023-10-03,India,202.0,179.0,1,0.7,157.4,144.7
2023-10-03,Nepal,179.0,202.0,0,0.7,177.2,123.6
2023-10-04,Cayman Is,30.0,196.0,0,0.6,113.9,140.8
2023-10-04,Sierra Leone,95.0,96.0,0,0.6,86.4,91.8
2023-10-04,Canada,196.0,30.0,1,0.8,174.0,127.8
2023-10-04,Panama,86.0,89.0,0,0.2,100.6,138.1
2023-10-04,Bermuda,89.0,86.0,1,1.0,150.4,98.6
2023-10-04,Ghana,96.0,95.0,1,0.4,143.2,110.1
2023-10-04,Qatar,168.0,170.0,0,0.4,133.3,137.7
2023-10-04,Saudi Arabia,170.0,168.0,1,0.5,135.4,134.0
2023-10-04,Nigeria,127.0,73.0,1,0.7,99.0,98.3
2023-10-04,Rwanda,73.0,127.0,0,0.0,117.5,150.1
2023-10-04,Kuwait,84.0,83.0,1,0.6,128.8,137.8
2023-10-04,Maldives,83.0,84.0,0,0.2,96.7,123.0
2023-10-04,Malaysia,114.0,116.0,0,0.7,160.0,90.5
2023-10-04,Bangladesh,116.0,114.0,1,0.8,148.8,125.9
2023-10-04,Sri Lanka,108.0,116.0,0,0.2,148.2,163.8
2023-10-04,Afghanistan,116.0,108.0,1,0.5,134.6,139.9
2023-10-05,Gibraltar,108.0,107.0,1,0.4,145.2,134.0
2023-10-05,Serbia,107.0,108.0,0,0.6,117.3,119.9
2023-10-05,Maldives,159.0,201.0,0,0.2,101.8,132.1
2023-10-05,Qatar,201.0,159.0,1,0.4,139.6,143.2
2023-10-05,Sierra Leone,92.0,155.0,0,0.5,85.9,97.7
2023-10-05,Serbia,82.0,83.0,0,0.5,109.8,112.8
2023-10-05,Gibraltar,83.0,82.0,1,0.5,136.9,125.5
2023-10-05,Kuwait,175.0,173.0,1,0.6,132.0,140.9
2023-10-05,Saudi Arabia,173.0,175.0,0,0.5,138.5,137.2
2023-10-05,Nigeria,155.0,92.0,1,0.8,103.3,96.1
2023-10-06,Sierra Leone,121.0,154.0,0,0.4,89.0,104.2
2023-10-06,Pakistan,115.0,116.0,0,0.4,154.2,129.8
2023-10-06,Afghanistan,116.0,115.0,1,0.6,129.8,134.6
2023-10-06,Rwanda,154.0,121.0,1,0.1,120.4,143.6
2023-10-06,India,97.0,96.0,1,0.7,157.0,144.4
2023-10-06,Nigeria,129.0,94.0,1,0.9,109.5,91.9
2023-10-06,Bangladesh,96.0,97.0,0,0.8,145.7,122.8
2023-10-06,Ghana,94.0,129.0,0,0.4,139.1,108.4
2023-10-07,Rwanda,95.0,101.0,0,0.1,119.3,134.5
2023-10-07,Nigeria,101.0,95.0,1,1.0,108.8,84.6
2023-10-07,Sierra Leone,110.0,111.0,0,0.4,94.3,110.6
2023-10-07,Ghana,111.0,110.0,1,0.5,136.9,105.9
2023-10-07,Canada,132.0,93.0,1,0.8,167.8,124.3
2023-10-07,Bermuda,93.0,132.0,0,0.9,151.9,104.1
2023-10-07,Pakistan,48.0,65.0,0,0.4,145.3,122.5
2023-10-07,Bangladesh,65.0,48.0,1,0.8,136.4,112.0
2023-10-08,Ghana,60.0,107.0,0,0.4,125.3,101.5
2023-10-08,Sierra Leone,49.0,50.0,0,0.3,84.2,101.0
2023-10-08,Nigeria,50.0,49.0,1,1.0,105.1,80.9
2023-10-08,Rwanda,107.0,60.0,1,0.2,116.7,127.1
2023-10-10,Sierra Leone,109.0,107.0,1,0.4,88.9,105.4
2023-10-10,Rwanda,107.0,109.0,0,0.2,113.1,122.8
2023-10-10,Nigeria,142.0,60.0,1,1.0,113.0,80.7
2023-10-10,Ghana,60.0,142.0,0,0.4,120.2,104.2
2023-10-11,Ghana,109.0,110.0,0,0.4,119.0,103.0
2023-10-11,Nigeria,110.0,109.0,1,1.0,119.7,87.4
2023-10-11,Sierra Leone,77.0,78.0,0,0.3,90.5,99.7
2023-10-11,Rwanda,78.0,77.0,1,0.3,108.3,117.8
2023-10-12,Ghana,54.0,58.0,0,0.4,110.9,102.7
2023-10-12,Rwanda,58.0,54.0,1,0.4,103.1,111.8
2023-10-12,Nigeria,106.0,53.0,1,1.0,108.2,82.4
2023-10-12,Sierra Leone,53.0,106.0,0,0.2,90.6,105.5
2023-10-14,Rwanda,24.0,27.0,0,0.4,95.7,98.8
2023-10-14,Nigeria,27.0,24.0,1,1.0,107.8,77.6
2023-10-14,Ghana,112.0,107.0,1,0.4,103.8,105.8
2023-10-14,Sierra Leone,107.0,112.0,0,0.1,92.9,108.6
2023-10-15,Sierra Leone,73.0,72.0,1,0.2,88.6,104.1
2023-10-15,Gibraltar,172.0,148.0,1,0.6,137.0,122.9
2023-10-15,Rwanda,86.0,103.0,0,0.4,91.3,91.2
2023-10-15,Ghana,72.0,73.0,0,0.3,89.5,106.2
2023-10-15,Gibraltar,154.0,165.0,0,0.5,134.8,126.1
2023-10-15,Nigeria,103.0,86.0,1,1.0,105.0,73.5
2023-10-15,Luxembourg,165.0,154.0,1,0.4,149.7,158.0
2023-10-15,Luxembourg,148.0,172.0,0,0.4,151.9,157.5
2023-10-18,U.A.E.,140.0,144.0,0,0.5,151.9,146.2
2023-10-18,Nepal,144.0,140.0,1,0.7,169.3,123.8
2023-10-18,Chile,72.0,74.0,0,0.2,80.8,104.8
2023-10-18,Mexico,74.0,72.0,1,0.4444444444444444,101.0,99.55555555555556
2023-10-19,Argentina,125.0,124.0,1,0.2,108.8,132.9
2023-10-19,Mexico,124.0,125.0,0,0.4,103.3,102.1
2023-10-19,Hong Kong,94.0,99.0,0,0.4,110.9,127.7
2023-10-19,Nepal,99.0,94.0,1,0.7,162.4,121.4
2023-10-20,Argentina,53.0,52.0,1,0.3,105.1,128.7
2023-10-20,Chile,52.0,53.0,0,0.16666666666666666,76.0,96.16666666666667
2023-10-21,Nepal,213.0,134.0,1,0.7,170.4,121.8
2023-10-21,Hong Kong,134.0,213.0,0,0.3,114.5,139.5
2023-10-22,Hong Kong,149.0,153.0,0,0.2,111.2,140.5
2023-10-22,U.A.E.,153.0,149.0,1,0.6,153.6,145.6
2023-10-23,Nepal,165.0,164.0,1,0.8,175.5,125.0
2023-10-23,U.A.E.,164.0,165.0,0,0.5,155.6,147.9
2023-10-24,Namibia,122.0,121.0,1,0.6,141.8,128.8
2023-10-24,Zimbabwe,121.0,122.0,0,0.4,129.1,139.7
2023-10-25,Hong Kong,212.0,143.0,1,0.3,124.5,136.7
2023-10-25,U.A.E.,143.0,212.0,0,0.5,156.5,152.5
2023-10-25,Namibia,198.0,200.0,0,0.5,143.1,135.5
2023-10-25,Zimbabwe,200.0,198.0,1,0.5,136.9,144.2
2023-10-29,Zimbabwe,153.0,154.0,0,0.4,138.9,146.4
2023-10-29,Namibia,154.0,153.0,1,0.6,143.9,135.5
2023-10-30,Malaysia,121.0,153.0,0,0.6,154.1,95.3
2023-10-30,Oman,153.0,121.0,1,0.6,162.9,138.2
2023-10-30,Nepal,147.0,145.0,1,0.8,174.2,123.9
2023-10-30,Singapore,145.0,147.0,0,0.3,144.5,148.3
2023-10-30,U.A.E.,137.0,135.0,1,0.5,151.1,149.1
2023-10-30,Zimbabwe,93.0,101.0,0,0.3,135.2,143.6
2023-10-30,Namibia,101.0,93.0,1,0.6,141.6,132.6
2023-10-30,Kuwait,150.0,166.0,0,0.5,134.3,145.2
2023-10-30,Hong Kong,166.0,150.0,1,0.4,127.0,135.4
2023-10-30,Bahrain,135.0,137.0,0,0.4,132.8,142.6
2023-10-31,U.A.E.,94.0,88.0,1,0.5,148.3,145.8
2023-10-31,Nepal,166.0,165.0,1,0.9,181.4,130.3
2023-10-31,Malaysia,165.0,166.0,0,0.5,148.7,108.4
2023-10-31,Kuwait,88.0,94.0,0,0.5,127.6,139.0
2023-10-31,Bahrain,146.0,126.0,1,0.5,133.6,139.9
2023-10-31,Singapore,152.0,174.0,0,0.3,145.7,151.6
2023-10-31,Oman,174.0,152.0,1,0.6,158.3,142.0
2023-10-31,Hong Kong,126.0,146.0,0,0.4,127.0,135.1
2023-11-02,Singapore,138.0,198.0,0,0.3,142.7,154.2
2023-11-02,Oman,145.0,140.0,1,0.7,155.9,139.0
2023-11-02,Nepal,140.0,145.0,0,0.8,177.9,130.4
2023-11-02,U.A.E.,176.0,154.0,1,0.5,148.3,146.7
2023-11-02,Hong Kong,154.0,176.0,0,0.4,133.5,143.7
2023-11-02,Malaysia,198.0,138.0,1,0.5,158.9,112.9
2023-11-02,Bahrain,158.0,160.0,0,0.5,134.7,135.9
2023-11-02,Kuwait,160.0,158.0,1,0.6,129.1,137.2
2023-11-03,U.A.E.,134.0,135.0,0,0.4,145.1,149.6
2023-11-03,Nepal,135.0,134.0,1,0.8,160.0,139.7
2023-11-03,Bahrain,106.0,109.0,0,0.4,129.4,131.2
2023-11-03,Oman,109.0,106.0,1,0.8,153.1,135.7
2023-11-20,Indonesia,136.0,134.0,1,0.6,110.4,118.6
2023-11-20,Cambodia,134.0,136.0,0,0.5,139.16666666666666,134.66666666666666
2023-11-20,Cambodia,138.0,139.0,0,0.42857142857142855,139.0,135.28571428571428
2023-11-20,Indonesia,139.0,138.0,1,0.7,113.9,114.5
2023-11-21,Indonesia,156.0,157.0,0,0.6,121.3,122.3
2023-11-21,Cambodia,157.0,156.0,1,0.5,141.25,137.875
2023-11-21,Indonesia,192.0,88.0,1,0.6,127.5,124.5
2023-11-21,Cambodia,88.0,192.0,0,0.4444444444444444,135.33333333333334,143.88888888888889
2023-11-22,Namibia,134.0,132.0,1,0.7,142.2,132.9
2023-11-22,Zimbabwe,132.0,134.0,0,0.3,133.7,142.0
2023-11-22,Uganda,105.0,99.0,1,1.0,151.0,119.3
2023-11-22,Tanzania,99.0,105.0,0,0.5,137.2,141.6
2023-11-22,Kenya,154.0,137.0,1,0.6,125.2,121.3
2023-11-22,Cambodia,148.0,144.0,1,0.5,136.6,143.9
2023-11-22,Indonesia,144.0,148.0,0,0.6,133.6,130.9
2023-11-22,Rwanda,137.0,154.0,0,0.4,91.9,93.3
2023-11-23,Kenya,124.0,121.0,1,0.6,119.1,123.7
2023-11-23,Australia,208.0,209.0,0,0.6,177.9,172.2
2023-11-23,India,209.0,208.0,1,0.7,154.5,158.6
2023-11-23,Tanzania,96.0,98.0,0,0.4,131.3,136.0
2023-11-23,Zimbabwe,98.0,96.0,1,0.4,131.8,139.6
2023-11-23,Nigeria,121.0,124.0,0,0.9,104.4,78.6
2023-11-24,Namibia,116.0,114.0,1,0.7,137.7,128.6
2023-11-24,Uganda,114.0,116.0,0,0.9,143.8,118.4
2023-11-25,Kenya,182.0,132.0,1,0.6,127.5,127.7
2023-11-25,Tanzania,132.0,182.0,0,0.4,133.4,137.1
2023-11-25,Namibia,207.0,46.0,1,0.7,145.7,123.7
2023-11-25,Rwanda,46.0,207.0,0,0.4,89.2,101.3
2023-11-26,Australia,191.0,235.0,0,0.6,177.0,174.9
2023-11-26,Nigeria,140.0,139.0,1,0.9,102.9,83.3
2023-11-26,India,235.0,191.0,1,0.8,163.5,162.8
2023-11-26,Uganda,138.0,136.0,1,0.9,138.4,121.4
2023-11-26,Zimbabwe,136.0,138.0,0,0.4,133.9,134.8
2023-11-26,Tanzania,139.0,140.0,0,0.3,133.9,137.8
2023-11-27,Nigeria,99.0,100.0,0,0.8,99.9,83.9
2023-11-27,Uganda,100.0,99.0,1,0.9,131.3,120.2
2023-11-27,Zimbabwe,215.0,71.0,1,0.4,143.6,130.5
2023-11-27,Rwanda,71.0,215.0,0,0.3,80.9,110.7
2023-11-27,Kenya,104.0,106.0,0,0.6,125.1,120.8
2023-11-27,Namibia,106.0,104.0,1,0.7,140.0,123.3
2023-11-28,Australia,225.0,222.0,1,0.7,182.5,179.3
2023-11-28,Tanzania,99.0,157.0,0,0.3,129.6,137.4
2023-11-28,Namibia,157.0,99.0,1,0.8,143.6,121.0
2023-11-28,India,222.0,225.0,0,0.8,170.5,169.8
2023-11-29,Tanzania,153.0,102.0,1,0.3,129.7,133.3
2023-11-29,Rwanda,102.0,153.0,0,0.3,81.6,115.9
2023-11-29,Nigeria,110.0,111.0,0,0.7,100.8,85.5
2023-11-29,Zimbabwe,111.0,110.0,1,0.5,140.3,126.5
2023-11-29,Uganda,162.0,129.0,1,0.9,131.4,118.9
2023-11-29,Kenya,129.0,162.0,0,0.5,128.2,127.8
2023-11-30,Uganda,66.0,65.0,1,0.9,125.3,112.8
2023-11-30,Rwanda,65.0,66.0,0,0.2,77.4,116.5
2023-11-30,Kenya,107.0,217.0,0,0.5,127.4,135.0
2023-11-30,Namibia,96.0,93.0,1,0.9,139.1,115.5
2023-11-30,Nigeria,93.0,96.0,0,0.6,105.1,90.2
2023-11-30,Zimbabwe,217.0,107.0,1,0.5,147.6,123.1
2023-12-01,India,174.0,154.0,1,0.8,171.5,169.3
2023-12-01,Australia,154.0,174.0,0,0.7,186.8,176.7
2023-12-03,Australia,154.0,160.0,0,0.6,186.4,177.0
2023-12-03,India,160.0,154.0,1,0.8,169.6,166.9
2023-12-06,Kenya,50.0,48.0,1,0.5,122.4,129.9
2023-12-06,Cameroon,48.0,50.0,0,0.0,77.6,105.0
2023-12-07,Cameroon,144.0,112.0,1,0.1,84.4,108.5
2023-12-07,Mali,112.0,144.0,0,0.0,67.83333333333333,92.16666666666667
2023-12-07,Sierra Leone,88.0,89.0,0,0.2,87.9,103.4
2023-12-07,Kenya,89.0,88.0,1,0.6,119.6,126.7
2023-12-07,Ireland,147.0,148.0,0,0.5,148.1,136.8
2023-12-07,Zimbabwe,148.0,147.0,1,0.6,150.3,125.6
2023-12-08,Mali,39.0,40.0,0,0.0,63.714285714285715,84.71428571428571
2023-12-08,Kenya,40.0,39.0,1,0.6,110.3,117.5
2023-12-08,Gambia,57.0,61.0,0,0.125,76.875,102.25
2023-12-08,Rwanda,61.0,57.0,1,0.3,72.8,111.3
2023-12-09,Sierra Leone,41.0,37.0,1,0.3,82.8,91.6
2023-12-09,Mali,37.0,41.0,0,0.0,60.375,79.25
2023-12-09,Ghana,54.0,57.0,0,0.3,82.2,98.8
2023-12-09,Zimbabwe,165.0,166.0,0,0.5,146.8,122.4
2023-12-09,Ireland,166.0,165.0,1,0.6,152.2,133.1
2023-12-09,Rwanda,57.0,54.0,1,0.3,70.7,109.0
2023-12-10,Gambia,87.0,185.0,0,0.1111111111111111,78.0,111.44444444444444
2023-12-10,Sierra Leone,37.0,35.0,1,0.4,74.4,79.7
2023-12-10,Cameroon,35.0,37.0,0,0.1,80.2,104.4
2023-12-10,Ghana,185.0,87.0,1,0.3,91.1,98.0
2023-12-10,Zimbabwe,140.0,141.0,0,0.5,145.5,121.1
2023-12-10,Ireland,141.0,140.0,1,0.6,153.7,134.7
2023-12-11,Rwanda,115.0,113.0,1,0.3,76.4,114.9
2023-12-11,Uganda,113.0,115.0,0,0.8,118.6,112.2
2023-12-11,Botswana,153.0,115.0,1,0.3,118.6,118.7
2023-12-11,Ghana,115.0,153.0,0,0.3,93.2,100.4
2023-12-12,West Indies,172.0,171.0,1,0.6,174.0,172.9
2023-12-12,England,171.0,172.0,0,0.4,153.8,153.6
2023-12-12,South Africa,154.0,180.0,1,0.3,161.6,185.1
2023-12-12,Kenya,81.0,80.0,1,0.7,106.0,113.0
2023-12-12,Sierra Leone,80.0,81.0,0,0.4,71.4,76.7
2023-12-12,India,180.0,154.0,0,0.8,171.1,165.2
2023-12-13,Malawi,91.0,92.0,0,0.6,113.3,109.1
2023-12-13,Uganda,92.0,91.0,1,0.8,116.4,110.3
2023-12-13,Ghana,107.0,113.0,0,0.2,92.8,100.7
2023-12-13,Kenya,113.0,107.0,1,0.7,101.9,110.0
2023-12-14,Mozambique,110.0,111.0,0,0.6,108.1,101.6
2023-12-14,Malawi,111.0,110.0,1,0.7,111.8,103.1
2023-12-14,South Africa,95.0,201.0,0,0.2,157.4,191.9
2023-12-14,West Indies,176.0,166.0,1,0.7,177.0,174.5
2023-12-14,England,166.0,176.0,0,0.3,153.4,154.4
2023-12-14,India,201.0,95.0,1,0.8,186.5,160.8
2023-12-15,Uganda,149.0,98.0,1,0.8,117.2,107.9
2023-12-15,Mozambique,98.0,149.0,0,0.5,102.8,101.5
2023-12-15,Botswana,115.0,118.0,0,0.3,118.7,119.0
2023-12-15,Sierra Leone,118.0,115.0,1,0.5,78.3,83.2
2023-12-16,Rwanda,89.0,135.0,0,0.3,82.9,125.7
2023-12-16,West Indies,222.0,226.0,0,0.6,186.0,184.0
2023-12-16,England,226.0,222.0,1,0.3,162.2,162.9
2023-12-16,Kenya,131.0,91.0,1,0.7,102.6,107.0
2023-12-16,Botswana,91.0,131.0,0,0.2,110.9,118.5
2023-12-16,Malawi,135.0,89.0,1,0.7,110.9,97.7
2023-12-17,Sierra Leone,111.0,112.0,0,0.4,78.5,83.7
2023-12-17,Ghana,112.0,111.0,1,0.3,98.0,101.1
2023-12-17,Rwanda,105.0,106.0,0,0.3,84.8,126.0
2023-12-17,Mozambique,106.0,105.0,1,0.5,101.9,100.9
2023-12-18,Botswana,62.0,65.0,0,0.2,107.9,115.2
2023-12-18,Uganda,65.0,62.0,1,0.8,110.4,101.0
2023-12-18,Kenya,138.0,39.0,1,0.7,98.2,97.7
2023-12-18,Malawi,39.0,138.0,0,0.7,105.1,95.6
2023-12-19,Uganda,186.0,95.0,1,0.8,118.5,100.6
2023-12-19,Kenya,95.0,186.0,0,0.7,97.3,105.7
2023-12-19,West Indies,192.0,267.0,0,0.6,179.4,184.8
2023-12-19,Malawi,103.0,107.0,0,0.6,98.9,97.2
2023-12-19,Botswana,107.0,103.0,1,0.3,105.5,109.7
2023-12-19,England,267.0,192.0,1,0.4,173.3,166.3
2023-12-21,England,132.0,133.0,0,0.4,174.8,167.6
2023-12-21,West Indies,133.0,132.0,1,0.6,170.7,176.7
2023-12-22,Indonesia,156.0,158.0,0,0.5,138.8,136.4
2023-12-22,Philippines,158.0,156.0,1,0.2,110.8,151.3
2023-12-23,Philippines,120.0,140.0,0,0.2,111.9,153.8
2023-12-23,Indonesia,140.0,120.0,1,0.5,142.9,138.6
2023-12-23,Philippines,106.0,107.0,0,0.2,113.1,146.4
2023-12-23,Indonesia,107.0,106.0,1,0.5,141.4,140.2
2023-12-24,Indonesia,119.0,123.0,0,0.5,143.6,133.4
2023-12-24,Philippines,123.0,119.0,1,0.3,108.0,140.1
2023-12-26,Indonesia,123.0,124.0,0,0.5,141.2,129.6
2023-12-26,Philippines,124.0,123.0,1,0.4,109.1,135.8
2023-12-27,New Zealand,134.0,137.0,0,0.6,157.7,154.7
2023-12-27,Bangladesh,137.0,134.0,1,0.8,138.1,113.7
2023-12-29,U.A.E.,131.0,203.0,0,0.4,143.5,154.9
2023-12-29,Afghanistan,203.0,131.0,1,0.6,135.5,133.5
2023-12-31,U.A.E.,166.0,155.0,1,0.5,143.8,154.0
2023-12-31,Afghanistan,155.0,166.0,0,0.6,137.3,136.3
2023-12-31,Bangladesh,110.0,95.0,0,0.7,133.3,109.0
2023-12-31,New Zealand,95.0,110.0,1,0.6,150.9,149.8
2024-01-02,U.A.E.,126.0,128.0,0,0.5,142.4,152.4
2024-01-02,Afghanistan,128.0,126.0,1,0.6,133.5,132.6
2024-01-11,Afghanistan,158.0,159.0,0,0.5,139.5,139.3
2024-01-11,India,159.0,158.0,1,0.8,183.9,161.4
2024-01-12,New Zealand,226.0,180.0,1,0.6,154.1,148.5
2024-01-12,Pakistan,180.0,226.0,0,0.4,154.1,135.3
2024-01-14,Afghanistan,172.0,173.0,0,0.4,143.4,143.6
2024-01-14,India,173.0,172.0,1,0.8,181.0,160.7
2024-01-14,Sri Lanka,144.0,143.0,1,0.3,146.9,162.3
2024-01-14,Pakistan,173.0,194.0,0,0.4,158.4,141.4
2024-01-14,Zimbabwe,143.0,144.0,0,0.5,150.5,125.4
2024-01-14,New Zealand,194.0,173.0,1,0.6,158.0,152.2
2024-01-16,Sri Lanka,173.0,178.0,0,0.3,154.0,163.4
2024-01-16,Zimbabwe,178.0,173.0,1,0.6,155.1,129.3
2024-01-17,New Zealand,224.0,179.0,1,0.7,166.2,155.7
2024-01-17,Pakistan,179.0,224.0,0,0.3,158.1,152.2
2024-01-18,Zimbabwe,82.0,88.0,0,0.5,153.5,128.5
2024-01-18,Sri Lanka,88.0,82.0,1,0.3,148.0,157.2
2024-01-19,New Zealand,159.0,158.0,1,0.7,165.5,158.1
2024-01-19,Pakistan,158.0,159.0,0,0.2,155.7,158.7
2024-01-21,Pakistan,134.0,92.0,1,0.2,149.9,152.5
2024-01-21,New Zealand,92.0,134.0,0,0.7,160.8,157.2
2024-01-27,Myanmar,72.0,74.0,0,0.0,59.4,123.2
2024-01-27,Cambodia,74.0,72.0,1,0.5,125.9,134.5
2024-01-28,Cambodia,130.0,37.0,1,0.5,120.7,120.8
2024-01-28,China,37.0,130.0,0,0.2,42.4,83.8
2024-01-29,Myanmar,75.0,74.0,1,0.16666666666666666,62.0,115.0
2024-01-29,China,74.0,75.0,0,0.16666666666666666,47.666666666666664,82.33333333333333
2024-01-30,Myanmar,82.0,129.0,0,0.14285714285714285,64.85714285714286,117.0
2024-01-30,China,129.0,82.0,1,0.2857142857142857,59.285714285714285,82.28571428571429
2024-02-01,Saudi Arabia,192.0,104.0,1,0.6,145.6,135.4
2024-02-01,Cambodia,104.0,192.0,0,0.4,116.8,126.9
2024-02-01,Indonesia,132.0,116.0,1,0.5,140.8,127.8
2024-02-01,Bhutan,116.0,132.0,0,0.6,105.7,97.0
2024-02-02,Singapore,199.0,158.0,1,0.4,154.6,147.7
2024-02-02,Maldives,158.0,199.0,0,0.1,107.9,146.4
2024-02-02,Japan,166.0,120.0,1,0.5,127.5,113.7
2024-02-02,Thailand,120.0,166.0,0,0.3,90.1,120.1
2024-02-03,Cambodia,132.0,127.0,1,0.5,117.5,127.0
2024-02-03,Indonesia,127.0,132.0,0,0.4,139.6,127.2
2024-02-03,Bhutan,89.0,93.0,0,0.5,103.6,95.9
2024-02-03,Saudi Arabia,93.0,89.0,1,0.7,143.9,132.9
2024-02-04,Thailand,116.0,115.0,1,0.4,91.0,118.1
2024-02-04,Japan,150.0,108.0,1,0.6,132.2,114.1
2024-02-04,Maldives,108.0,150.0,0,0.1,105.1,138.4
2024-02-04,Singapore,115.0,116.0,0,0.4,149.7,142.8
2024-02-05,Bhutan,164.0,174.0,0,0.4,115.0,108.4
2024-02-05,Cambodia,174.0,164.0,1,0.6,127.9,135.9
2024-02-05,Indonesia,103.0,185.0,0,0.4,134.3,130.0
2024-02-05,Saudi Arabia,185.0,103.0,1,0.8,149.6,125.7
2024-02-06,Singapore,176.0,142.0,1,0.4,149.2,147.6
2024-02-06,Japan,142.0,176.0,0,0.5,129.8,120.4
2024-02-06,Maldives,127.0,128.0,0,0.0,111.6,145.2
2024-02-06,Thailand,128.0,127.0,1,0.5,94.8,118.6
2024-02-07,Maldives,137.0,105.0,1,0.1,114.3,138.5
2024-02-07,Bhutan,105.0,137.0,0,0.3,114.5,111.3
2024-02-07,Indonesia,131.0,132.0,0,0.3,128.2,134.4
2024-02-07,Thailand,132.0,131.0,1,0.6,96.7,120.3
2024-02-09,Japan,97.0,98.0,0,0.4,126.4,119.2
2024-02-09,Saudi Arabia,98.0,97.0,1,0.9,144.6,120.5
2024-02-09,Singapore,109.0,113.0,0,0.4,143.5,140.8
2024-02-09,Cambodia,113.0,109.0,1,0.7,125.8,133.2
2024-02-09,Australia,213.0,202.0,1,0.6,189.8,183.5
2024-02-09,West Indies,202.0,213.0,0,0.5,176.0,183.5
2024-02-11,Australia,241.0,207.0,1,0.6,197.1,187.8
2024-02-11,West Indies,207.0,241.0,0,0.4,181.2,192.4
2024-02-11,Saudi Arabia,151.0,147.0,1,0.9,142.5,124.2
2024-02-11,Cambodia,147.0,151.0,0,0.7,126.7,134.4
2024-02-11,Singapore,216.0,215.0,1,0.4,148.9,147.6
2024-02-11,Japan,215.0,216.0,0,0.4,139.2,131.6
2024-02-12,Bhutan,70.0,72.0,0,0.2,108.0,107.8
2024-02-12,Thailand,72.0,70.0,1,0.6,101.2,124.7
2024-02-12,Saudi Arabia,186.0,88.0,1,0.9,150.1,122.1
2024-02-12,Maldives,88.0,186.0,0,0.1,113.1,146.8
2024-02-13,Maldives,119.0,115.0,1,0.2,117.6,137.1
2024-02-13,Bhutan,115.0,119.0,0,0.2,111.3,111.3
2024-02-13,Saudi Arabia,115.0,112.0,1,0.9,144.1,115.9
2024-02-13,Thailand,112.0,115.0,0,0.5,98.4,132.3
2024-02-13,Australia,183.0,220.0,0,0.5,192.8,198.3
2024-02-13,West Indies,220.0,183.0,1,0.5,187.3,194.3
2024-02-14,Hong Kong,171.0,48.0,1,0.4,143.1,141.5
2024-02-14,China,48.0,171.0,0,0.25,57.875,93.375
2024-02-14,Japan,179.0,184.0,0,0.3,144.4,140.6
2024-02-14,Hong Kong,184.0,179.0,1,0.4,148.2,146.7
2024-02-15,Japan,128.0,155.0,0,0.3,143.6,142.4
2024-02-15,Hong Kong,155.0,128.0,1,0.5,154.5,143.5
2024-02-15,Saudi Arabia,221.0,55.0,1,0.9,158.4,113.8
2024-02-15,Bhutan,55.0,221.0,0,0.1,106.3,126.0
2024-02-15,Thailand,109.0,105.0,1,0.5,100.9,134.5
2024-02-15,China,78.0,258.0,0,0.2222222222222222,60.111111111111114,111.66666666666667
2024-02-15,Japan,258.0,78.0,1,0.4,158.8,139.3
2024-02-15,Maldives,105.0,109.0,0,0.2,116.0,135.5
2024-02-16,Bhutan,141.0,138.0,1,0.2,109.9,121.8
2024-02-16,China,99.0,143.0,0,0.2,64.0,114.8
2024-02-16,Japan,143.0,99.0,1,0.4,160.5,136.7
2024-02-16,Maldives,138.0,141.0,0,0.2,122.2,141.8
2024-02-16,Thailand,104.0,108.0,0,0.5,102.0,135.7
2024-02-16,Hong Kong,42.0,41.0,1,0.6,149.3,137.7
2024-02-16,China,41.0,42.0,0,0.2,65.8,116.6
2024-02-16,Saudi Arabia,108.0,104.0,1,0.9,152.2,107.4
2024-02-17,Sri Lanka,160.0,156.0,1,0.4,149.9,158.4
2024-02-17,Afghanistan,156.0,160.0,0,0.4,147.4,141.4
2024-02-17,Hong Kong,219.0,185.0,1,0.7,157.8,134.9
2024-02-17,Japan,185.0,219.0,0,0.4,166.3,145.3
2024-02-19,Sri Lanka,187.0,115.0,1,0.5,152.6,153.7
2024-02-19,Afghanistan,115.0,187.0,0,0.4,143.5,144.4
2024-02-21,Sri Lanka,206.0,209.0,0,0.4,152.6,155.6
2024-02-21,Afghanistan,209.0,206.0,1,0.5,152.8,153.1
2024-02-21,Australia,216.0,215.0,1,0.5,197.6,203.4
2024-02-21,New Zealand,215.0,216.0,0,0.7,172.0,159.0
2024-02-23,Australia,174.0,102.0,1,0.5,195.9,194.6
2024-02-23,New Zealand,102.0,174.0,0,0.6,162.0,163.6
2024-02-25,Australia,118.0,98.0,1,0.6,186.9,183.5
2024-02-25,New Zealand,98.0,118.0,0,0.5,153.9,157.9
2024-02-27,Hong Kong,172.0,162.0,1,0.8,160.1,135.8
2024-02-27,Qatar,162.0,172.0,0,0.4,142.8,145.5
2024-02-27,Namibia,206.0,186.0,1,0.9,147.5,122.0
2024-02-27,Nepal,186.0,206.0,0,0.7,157.4,152.9
2024-02-28,Netherlands,184.0,182.0,1,0.5,133.8,140.5
2024-02-28,Nepal,182.0,184.0,0,0.7,157.7,151.1
2024-02-29,Netherlands,247.0,188.0,1,0.6,143.8,144.4
2024-02-29,Namibia,188.0,247.0,0,0.9,146.5,126.7
2024-02-29,Hong Kong,197.0,200.0,0,0.7,158.6,141.5
2024-02-29,Qatar,200.0,197.0,1,0.4,147.2,149.7
2024-03-01,Nepal,180.0,177.0,1,0.7,161.3,154.8
2024-03-01,Namibia,177.0,180.0,0,0.8,148.8,129.4
2024-03-02,Nepal,121.0,120.0,1,0.7,163.5,157.4
2024-03-02,Netherlands,120.0,121.0,0,0.5,144.6,145.4
2024-03-04,Sri Lanka,206.0,203.0,1,0.5,159.5,153.1
2024-03-04,Bangladesh,203.0,206.0,0,0.6,132.9,121.5
2024-03-05,Vanuatu,128.0,119.0,1,0.6,128.6,119.2
2024-03-05,Tanzania,119.0,128.0,0,0.3,129.5,128.1
2024-03-05,Kuwait,123.0,99.0,0,0.6,131.1,130.0
2024-03-05,Bahrain,99.0,123.0,1,0.5,125.8,129.9
2024-03-05,Nepal,184.0,189.0,0,0.6,160.6,162.9
2024-03-05,Netherlands,189.0,184.0,1,0.5,151.3,151.7
2024-03-06,Kuwait,103.0,97.0,1,0.6,129.0,127.4
2024-03-06,Tanzania,97.0,103.0,0,0.2,123.5,128.6
2024-03-06,Vanuatu,96.0,148.0,0,0.5,121.7,119.2
2024-03-06,Malaysia,148.0,96.0,1,0.5,155.6,114.6
2024-03-06,Sri Lanka,165.0,170.0,0,0.5,161.9,155.5
2024-03-06,P.N.G.,136.0,137.0,0,0.9,131.9,107.6
2024-03-06,Bangladesh,170.0,165.0,1,0.6,129.7,125.5
2024-03-06,Oman,137.0,136.0,1,0.9,149.9,130.2
2024-03-07,Oman,145.0,148.0,0,0.8,149.5,132.0
2024-03-07,P.N.G.,148.0,145.0,1,0.9,130.5,117.6
2024-03-07,Vanuatu,102.0,105.0,0,0.4,109.6,117.6
2024-03-07,Bahrain,112.0,110.0,1,0.6,126.6,127.1
2024-03-07,Malaysia,110.0,112.0,0,0.5,151.4,115.0
2024-03-07,Kuwait,105.0,102.0,1,0.6,129.2,127.6
2024-03-08,P.N.G.,127.0,128.0,0,0.8,134.0,121.7
2024-03-08,Oman,128.0,127.0,1,0.9,150.1,132.4
2024-03-09,Sri Lanka,174.0,146.0,1,0.6,161.1,151.8
2024-03-09,Bangladesh,146.0,174.0,0,0.6,131.9,130.3
2024-03-09,Kuwait,87.0,88.0,0,0.6,120.5,118.9
2024-03-09,Malaysia,88.0,87.0,1,0.5,145.3,111.1
2024-03-09,Hong Kong,212.0,139.0,1,0.7,163.2,140.4
2024-03-09,Nepal,139.0,212.0,0,0.5,158.0,167.7
2024-03-09,Bahrain,135.0,83.0,1,0.7,127.8,122.7
2024-03-09,Tanzania,83.0,135.0,0,0.2,119.6,128.0
2024-03-10,Tanzania,83.0,86.0,0,0.1,110.0,123.6
2024-03-10,Bahrain,166.0,110.0,1,0.7,133.0,122.7
2024-03-10,Vanuatu,110.0,166.0,0,0.3,105.8,122.0
2024-03-10,Malaysia,86.0,83.0,1,0.6,145.8,111.2
2024-03-11,U.A.E.,149.0,147.0,1,0.5,142.0,152.2
2024-03-11,Scotland,147.0,149.0,0,0.7,184.7,126.7
2024-03-11,Bahrain,82.0,77.0,1,0.7,128.9,118.2
2024-03-11,Kuwait,109.0,106.0,1,0.6,118.4,116.6
2024-03-11,Vanuatu,106.0,109.0,0,0.3,109.3,125.4
2024-03-11,Malaysia,77.0,82.0,0,0.5,137.5,110.7
2024-03-12,Nepal,198.0,113.0,1,0.5,163.1,164.5
2024-03-12,P.N.G.,113.0,198.0,0,0.7,130.5,130.6
2024-03-12,Hong Kong,121.0,124.0,0,0.7,162.7,138.2
2024-03-12,P.N.G.,124.0,121.0,1,0.7,120.0,129.8
2024-03-13,Scotland,121.0,112.0,1,0.7,180.8,126.1
2024-03-13,U.A.E.,112.0,121.0,0,0.5,136.8,147.8
2024-03-13,P.N.G.,171.0,85.0,1,0.7,126.2,127.7
2024-03-13,Nepal,85.0,171.0,0,0.4,155.0,165.1
2024-03-14,Scotland,94.0,62.0,1,0.8,172.6,114.3
2024-03-14,U.A.E.,62.0,94.0,0,0.5,128.7,136.0
2024-03-15,Ireland,149.0,111.0,1,0.6,152.8,130.7
2024-03-15,Afghanistan,111.0,149.0,0,0.4,152.3,157.2
2024-03-16,P.N.G.,206.0,129.0,1,0.7,136.0,125.4
2024-03-16,Malaysia,129.0,206.0,0,0.4,123.6,123.9
2024-03-17,Kenya,97.0,169.0,0,0.7,94.1,106.4
2024-03-17,Nigeria,84.0,131.0,0,0.5,99.3,97.3
2024-03-17,Tanzania,131.0,84.0,1,0.2,113.2,121.5
2024-03-17,Uganda,169.0,97.0,1,0.9,124.0,98.7
2024-03-17,P.N.G.,98.0,161.0,0,0.6,129.5,127.4
2024-03-17,Afghanistan,152.0,142.0,1,0.4,155.9,159.9
2024-03-17,Malaysia,161.0,98.0,1,0.5,128.3,122.1
2024-03-17,Ireland,142.0,152.0,0,0.5,154.7,133.7
2024-03-18,Afghanistan,155.0,98.0,1,0.4,151.1,156.6
2024-03-18,Ireland,98.0,155.0,0,0.4,141.9,139.4
2024-03-18,Namibia,121.0,126.0,0,0.7,150.8,132.7
2024-03-18,Nigeria,126.0,121.0,1,0.5,100.9,98.5
2024-03-18,Uganda,194.0,73.0,1,0.9,129.6,92.4
2024-03-18,Ghana,73.0,194.0,0,0.3,99.3,106.3
2024-03-20,Kenya,115.0,111.0,1,0.8,94.9,95.8
2024-03-20,Tanzania,71.0,72.0,0,0.2,110.7,118.9
2024-03-20,Namibia,72.0,71.0,1,0.7,144.6,126.6
2024-03-20,Ghana,111.0,115.0,0,0.3,99.5,106.8
2024-03-21,Uganda,87.0,111.0,0,0.8,128.3,93.6
2024-03-21,Namibia,111.0,87.0,1,0.7,144.1,123.9
2024-03-23,Uganda,206.0,100.0,1,0.8,132.7,90.7
2024-03-23,Kenya,100.0,206.0,0,0.7,99.9,111.6
2024-03-29,Eswatini,182.0,127.0,1,0.2,120.4,152.7
2024-03-29,Lesotho,127.0,182.0,0,0.2,97.7,147.5
2024-03-29,Eswatini,116.0,117.0,0,0.1,119.7,152.2
2024-03-29,Lesotho,117.0,116.0,1,0.3,97.1,135.2
2024-03-30,Lesotho,114.0,153.0,0,0.3,105.9,147.8
2024-03-30,Eswatini,153.0,114.0,1,0.2,119.9,146.0
2024-03-30,Eswatini,86.0,90.0,0,0.2,113.5,139.9
2024-03-30,Lesotho,90.0,86.0,1,0.4,104.8,144.1
2024-03-31,Lesotho,127.0,128.0,0,0.3,103.7,146.2
2024-03-31,Eswatini,128.0,127.0,1,0.3,116.0,130.5
2024-04-01,Oman,109.0,114.0,0,0.8,143.5,131.0
2024-04-01,Namibia,114.0,109.0,1,0.7,134.8,130.2
2024-04-02,Namibia,131.0,137.0,0,0.6,137.3,133.5
2024-04-02,Oman,137.0,131.0,1,0.8,140.1,133.8
2024-04-04,Oman,104.0,101.0,1,0.8,134.1,127.6
2024-04-04,Namibia,101.0,104.0,0,0.5,131.7,134.0
2024-04-05,Namibia,164.0,140.0,1,0.5,138.5,138.7
2024-04-05,Oman,140.0,164.0,0,0.7,132.8,131.9
2024-04-07,Canada,132.0,133.0,0,0.7,161.9,118.6
2024-04-07,U.S.A.,133.0,132.0,1,0.6,137.6,126.8
2024-04-07,Namibia,212.0,150.0,1,0.5,139.1,135.1
2024-04-07,Oman,150.0,212.0,0,0.6,130.4,137.9
2024-04-09,U.S.A.,230.0,199.0,1,0.6,151.2,137.7
2024-04-09,Canada,199.0,230.0,0,0.7,165.8,125.2
2024-04-11,Mexico,79.0,80.0,0,0.4,100.4,98.9
2024-04-11,Costa Rica,80.0,79.0,1,0.25,103.5,104.5
2024-04-12,Canada,145.0,159.0,0,0.6,163.2,128.5
2024-04-12,Costa Rica,64.0,106.0,0,0.2,95.6,104.8
2024-04-12,Mexico,106.0,64.0,1,0.4,97.6,92.0
2024-04-12,Qatar,175.0,201.0,0,0.4,154.1,153.2
2024-04-12,Hong Kong,201.0,175.0,1,0.8,167.4,138.1
2024-04-12,Nepal,144.0,143.0,1,0.5,155.4,164.9
2024-04-12,U.S.A.,159.0,145.0,1,0.6,158.0,143.2
2024-04-12,U.A.E.,179.0,178.0,1,0.5,132.9,140.3
2024-04-12,Kuwait,178.0,179.0,0,0.5,127.8,126.2
2024-04-12,Bahrain,174.0,177.0,0,0.6,131.3,121.2
2024-04-12,Oman,177.0,174.0,1,0.6,133.6,141.3
2024-04-12,Costa Rica,82.0,104.0,0,0.16666666666666666,93.33333333333333,104.66666666666667
2024-04-12,Mexico,104.0,82.0,1,0.5,96.5,85.4
2024-04-12,Malaysia,143.0,144.0,0,0.5,130.5,121.2
2024-04-13,Kuwait,144.0,141.0,1,0.5,124.7,123.0
2024-04-13,Cambodia,141.0,144.0,0,0.6,125.1,133.2
2024-04-13,Bahrain,199.0,236.0,0,0.6,137.7,131.1
2024-04-13,U.A.E.,236.0,199.0,1,0.5,147.1,151.4
2024-04-13,Qatar,178.0,210.0,0,0.3,157.0,159.4
2024-04-13,Nepal,210.0,178.0,1,0.5,162.9,169.3
2024-04-13,Malaysia,146.0,134.0,1,0.6,128.6,118.0
2024-04-13,Mexico,78.0,120.0,0,0.5,99.7,92.7
2024-04-13,Costa Rica,120.0,78.0,1,0.2857142857142857,97.14285714285714,100.85714285714286
2024-04-13,U.S.A.,169.0,168.0,1,0.6,156.1,143.8
2024-04-13,Canada,168.0,169.0,0,0.5,163.0,128.5
2024-04-13,Saudi Arabia,134.0,146.0,0,0.9,148.3,104.5
2024-04-14,Jersey,141.0,145.0,0,0.6,139.5,135.6
2024-04-14,Costa Rica,35.0,93.0,0,0.25,89.375,99.875
2024-04-14,Mexico,93.0,35.0,1,0.6,99.1,85.8
2024-04-14,Spain,145.0,141.0,1,0.8,117.9,114.0
2024-04-14,Hong Kong,147.0,202.0,0,0.7,165.0,153.5
2024-04-14,Spain,197.0,195.0,1,0.9,128.1,120.4
2024-04-14,Jersey,195.0,197.0,0,0.5,144.9,141.3
2024-04-14,Cambodia,91.0,154.0,0,0.6,125.4,129.4
2024-04-14,Oman,154.0,91.0,1,0.6,138.1,139.8
2024-04-14,Saudi Arabia,202.0,147.0,1,0.9,149.3,108.8
2024-04-15,Oman,147.0,142.0,1,0.6,139.1,140.4
2024-04-15,Bahrain,135.0,161.0,0,0.5,136.6,134.6
2024-04-15,Kuwait,161.0,135.0,1,0.6,125.8,119.9
2024-04-15,U.A.E.,142.0,147.0,0,0.4,143.7,150.7
2024-04-15,Malaysia,151.0,153.0,0,0.5,123.9,119.5
2024-04-15,Nepal,117.0,114.0,1,0.6,156.0,160.1
2024-04-15,Hong Kong,114.0,117.0,0,0.6,158.0,147.3
2024-04-15,Qatar,153.0,151.0,1,0.4,160.0,162.1
2024-04-16,Saudi Arabia,138.0,153.0,0,0.8,153.8,115.2
2024-04-16,Cambodia,83.0,87.0,0,0.5,118.9,123.7
2024-04-16,Bahrain,87.0,83.0,1,0.6,129.5,126.9
2024-04-16,Qatar,153.0,138.0,1,0.5,164.4,164.9
2024-04-17,Oman,200.0,154.0,1,0.7,144.6,141.0
2024-04-17,U.A.E.,79.0,76.0,1,0.5,138.2,144.8
2024-04-17,Kuwait,154.0,200.0,0,0.6,132.4,130.5
2024-04-17,Cambodia,76.0,79.0,0,0.4,119.1,124.4
2024-04-17,Malaysia,140.0,144.0,0,0.4,123.1,124.3
2024-04-17,Saudi Arabia,73.0,75.0,0,0.7,142.6,112.4
2024-04-17,Hong Kong,144.0,140.0,1,0.6,156.9,148.5
2024-04-17,Nepal,75.0,73.0,1,0.7,145.3,149.0
2024-04-19,Nepal,119.0,123.0,0,0.6,139.2,143.6
2024-04-19,U.A.E.,123.0,119.0,1,0.6,137.4,136.4
2024-04-19,Hong Kong,130.0,132.0,0,0.5,165.7,157.6
2024-04-19,Oman,132.0,130.0,1,0.7,145.0,141.3
2024-04-20,Pakistan,92.0,90.0,1,0.3,143.2,145.2
2024-04-20,New Zealand,90.0,92.0,0,0.5,149.5,153.4
2024-04-20,Hong Kong,140.0,139.0,1,0.5,157.8,153.0
2024-04-20,Nepal,139.0,140.0,0,0.5,141.0,145.6
2024-04-21,U.A.E.,204.0,149.0,1,0.6,141.2,135.8
2024-04-21,Oman,149.0,204.0,0,0.7,149.0,150.3
2024-04-21,Pakistan,178.0,179.0,0,0.3,141.7,143.7
2024-04-21,New Zealand,179.0,178.0,1,0.5,157.9,160.2
2024-04-25,New Zealand,178.0,174.0,1,0.5,153.1,159.6
2024-04-25,Pakistan,174.0,178.0,0,0.2,143.1,152.3
2024-04-27,New Zealand,169.0,178.0,0,0.4,150.6,160.1
2024-04-27,Pakistan,178.0,169.0,1,0.3,149.4,157.6
2024-05-01,Thailand,137.0,129.0,1,0.6,110.4,133.4
2024-05-01,Indonesia,129.0,137.0,0,0.3,126.7,133.3
2024-05-02,Thailand,90.0,91.0,0,0.6,112.0,115.7
2024-05-02,Indonesia,91.0,90.0,1,0.4,120.2,126.5
2024-05-03,Zimbabwe,124.0,126.0,0,0.5,152.3,127.3
2024-05-03,Bangladesh,126.0,124.0,1,0.6,128.8,127.3
2024-05-04,Indonesia,126.0,93.0,1,0.4,118.8,123.8
2024-05-04,Thailand,93.0,126.0,0,0.6,109.3,111.7
2024-05-05,Thailand,145.0,128.0,1,0.6,112.2,113.0
2024-05-05,Indonesia,128.0,145.0,0,0.3,120.9,127.7
2024-05-05,Zimbabwe,138.0,142.0,0,0.4,144.6,134.4
2024-05-05,Bangladesh,142.0,138.0,1,0.6,131.1,129.5
2024-05-06,Indonesia,117.0,122.0,0,0.3,120.7,127.6
2024-05-06,Thailand,122.0,117.0,1,0.6,111.6,112.0
2024-05-07,Mongolia,33.0,199.0,0,0.0,44.666666666666664,191.66666666666666
2024-05-07,Bangladesh,165.0,156.0,1,0.6,136.0,133.7
2024-05-07,Japan,199.0,33.0,1,0.4,169.6,136.6
2024-05-07,Zimbabwe,156.0,165.0,0,0.3,149.1,139.9
